model,count,fund_name,composite,weight
AVN,1,EquityVz_Total,ESG.Economies.EUR.NominalSpotRate(Govt._0.5),1.0
AVN,2,MixVz_Total,ESG.Economies.EUR.NominalSpotRate(Govt._0.25),1.0
AVN,3,RntVz_Total,ESG.Economies.EUR.NominalSpotRate(Govt._1),1.0
AVN,4,AEGON_Staatsleningen_Total,ESG.Economies.EUR.NominalSpotRate(Govt._3),1.0
AVN,5,EmAsEqVz_Total,ESG.COFspread,1.0
AVN,6,EmEurEqVz_Total,ESG.COFspread,1.0
AVN,7,GTAAVz_Total,ESG.COFspread,1.0
AVN,8,AAAOVzP_Total,ESG.COFspread,1.0
AVN,9,WorldComVz_Total,ESG.COFspread,1.0
AVN,10,VastgoedFd_Total,ESG.COFspread,1.0
AVN,11,WorldEqVz_Total,ESG.COFspread,1.0
AVN,12,DepVz_Total,ESG.COFspread,1.0
AVN,13,EuEqVz_Total,ESG.COFspread,1.0
AVN,14,EmVz_Total,ESG.COFspread,1.0
AVN,15,HolEqVz_Total,ESG.COFspread,1.0
AVN,16,HypVz_Total,ESG.COFspread,1.0
AVN,17,NamEqABVz_Total,ESG.COFspread,1.0
AVN,18,PacEqVz_Total,ESG.COFspread,1.0
AVN,19,GarCL95RtVv_Total,ESG.COFspread,1.0
AVN,20,DepEurVvB_Total,ESG.COFspread,1.0
AVN,21,OptEuVvB_Total,ESG.COFspread,1.0
AX,1,EquityVz_Total,ESG.Economies.EUR.NominalSpotRate(Govt._0.5),1.0
AX,2,MixVz_Total,ESG.Economies.EUR.NominalSpotRate(Govt._0.25),1.0
AX,3,RntVz_Total,ESG.Economies.EUR.NominalSpotRate(Govt._1),1.0
AX,4,AEGON_Staatsleningen_Total,ESG.Economies.EUR.NominalSpotRate(Govt._3),1.0
AX,5,EmAsEqVz_Total,ESG.COFspread,1.0
AX,6,EmEurEqVz_Total,ESG.COFspread,1.0
AX,7,GTAAVz_Total,ESG.COFspread,1.0
AX,8,AAAOVzP_Total,ESG.COFspread,1.0
AX,9,WorldComVz_Total,ESG.COFspread,1.0
AX,10,VastgoedFd_Total,ESG.COFspread,1.0
AX,11,WorldEqVz_Total,ESG.COFspread,1.0
AX,12,DepVz_Total,ESG.COFspread,1.0
AX,13,EuEqVz_Total,ESG.COFspread,1.0
AX,14,EmVz_Total,ESG.COFspread,1.0
AX,15,HolEqVz_Total,ESG.COFspread,1.0
AX,16,HypVz_Total,ESG.COFspread,1.0
AX,17,NamEqABVz_Total,ESG.COFspread,1.0
AX,18,PacEqVz_Total,ESG.COFspread,1.0
AX,19,GarCL95RtVv_Total,ESG.COFspread,1.0
AX,20,DepEurVvB_Total,ESG.COFspread,1.0
AX,21,OptEuVvB_Total,ESG.COFspread,1.0
CAE,1,EquityVz_Total,ESG.Economies.EUR.NominalSpotRate(Govt._0.5),1.0
CAE,2,MixVz_Total,ESG.Economies.EUR.NominalSpotRate(Govt._0.25),1.0
CAE,3,RntVz_Total,ESG.Economies.EUR.NominalSpotRate(Govt._1),1.0
CAE,4,AEGON_Staatsleningen_Total,ESG.Economies.EUR.NominalSpotRate(Govt._5),1.0
CAE,5,EmAsEqVz_Total,ESG.COFspread,1.0
CAE,6,EmEurEqVz_Total,ESG.COFspread,1.0
CAE,7,GTAAVz_Total,ESG.COFspread,1.0
CAE,8,AAAOVzP_Total,ESG.COFspread,1.0
CAE,9,WorldComVz_Total,ESG.COFspread,1.0
CAE,10,VastgoedFd_Total,ESG.COFspread,1.0
CAE,11,WorldEqVz_Total,ESG.COFspread,1.0
CAE,12,DepVz_Total,ESG.COFspread,1.0
CAE,13,EuEqVz_Total,ESG.COFspread,1.0
CAE,14,EmVz_Total,ESG.COFspread,1.0
CAE,15,HolEqVz_Total,ESG.COFspread,1.0
CAE,16,HypVz_Total,ESG.COFspread,1.0
CAE,17,NamEqABVz_Total,ESG.COFspread,1.0
CAE,18,PacEqVz_Total,ESG.COFspread,1.0
CAE,19,GarCL95RtVv_Total,ESG.COFspread,1.0
CAE,20,DepEurVvB_Total,ESG.COFspread,1.0
CAE,21,OptEuVvB_Total,ESG.COFspread,1.0
DET,1,AAAOVzP_Income,LDO_Income,1.0
DET,2,AAAOVzP_Total,LDO_Total,1.0
DET,3,AAF-Aktief_Income,AsiaAndVvB_Income,0.033
DET,4,AAF-Aktief_Income,EmAsVvB_Income,0.019
DET,5,AAF-Aktief_Income,EuAndVvB_Income,0.28
DET,6,AAF-Aktief_Income,JapAndVvB_Income,0.09
DET,7,AAF-Aktief_Income,LamAndVvB_Income,0.008
DET,8,AAF-Aktief_Income,NamAndVvB_Income,0.57
DET,9,AAF-Aktief_Income,SriAndVvB_Income,0.0
DET,10,AAF-Aktief_Total,AsiaAndVvB_Total,0.033
DET,11,AAF-Aktief_Total,EmAsVvB_Total,0.019
DET,12,AAF-Aktief_Total,EuAndVvB_Total,0.28
DET,13,AAF-Aktief_Total,JapAndVvB_Total,0.09
DET,14,AAF-Aktief_Total,LamAndVvB_Total,0.008
DET,15,AAF-Aktief_Total,NamAndVvB_Total,0.57
DET,16,AAF-Aktief_Total,SriAndVvB_Total,0.0
DET,17,AAF-Overig_Income,Absolute_Return_Income,1.0
DET,18,AAF-Overig_Total,Absolute_Return_Total,1.0
DET,19,AbsRetVz_Income,Absolute_Return_Income,1.0
DET,20,AbsRetVz_Total,Absolute_Return_Total,1.0
DET,21,ABSVz_Income,ABSVzP_Income,1.0
DET,22,ABSVz_Total,ABSVzP_Total,1.0
DET,23,ABSVzP_Income,Absolute_Return_Income,1.0
DET,24,ABSVzP_Total,Absolute_Return_Total,1.0
DET,25,AegonPreg_hyp_Income,AbsRetVz_Income,0.04
DET,26,AegonPreg_hyp_Income,EMDVz_Income,0.036
DET,27,AegonPreg_hyp_Income,Emu3ABndVz_Income,0.36
DET,28,AegonPreg_hyp_Income,EurCreVz_Income,0.1728
DET,29,AegonPreg_hyp_Income,HypVz_Income,0.1152
DET,30,AegonPreg_hyp_Income,PrivEqVz_Income,0.025
DET,31,AegonPreg_hyp_Income,VastgoedFd_Income,0.025
DET,32,AegonPreg_hyp_Income,WorldEqVz_Income,0.15
DET,33,AegonPreg_hyp_Income,WrdHiYVz_Income,0.036
DET,34,AegonPreg_hyp_Income,WrdComVz_Income,0.04
DET,35,AegonPreg_hyp_Total,AbsRetVz_Total,0.04
DET,36,AegonPreg_hyp_Total,EMDVz_Total,0.036
DET,37,AegonPreg_hyp_Total,Emu3ABndVz_Total,0.36
DET,38,AegonPreg_hyp_Total,EurCreVz_Total,0.1728
DET,39,AegonPreg_hyp_Total,HypVz_Total,0.1152
DET,40,AegonPreg_hyp_Total,PrivEqVz_Total,0.025
DET,41,AegonPreg_hyp_Total,VastgoedFd_Total,0.025
DET,42,AegonPreg_hyp_Total,WorldEqVz_Total,0.15
DET,43,AegonPreg_hyp_Total,WrdHiYVz_Total,0.036
DET,44,AegonPreg_hyp_Total,WrdComVz_Total,0.04
DET,45,AGIF_Income,AAF-Aktief_Income,0.0
DET,46,AGIF_Income,AAF-Overig_Income,1.0
DET,47,AGIF_Total,AAF-Aktief_Total,0.0
DET,48,AGIF_Total,AAF-Overig_Total,1.0
DET,49,ALE2_hyp_Income,Emu3ABndVz_Income,1.0
DET,50,ALE2_hyp_Total,Emu3ABndVz_Total,1.0
DET,51,AsiaAndVvB_Income,AsiaEqVz_Income,1.0
DET,52,AsiaAndVvB_Total,AsiaEqVz_Total,1.0
DET,53,AsiaEqABVz_Income,AsiaEqBVzP_Income,1.0
DET,54,AsiaEqABVz_Total,AsiaEqBVzP_Total,1.0
DET,55,AsiaEqBVzP_Income,Equities_Asia_Income,1.0
DET,56,AsiaEqBVzP_Total,Equities_Asia_Total,1.0
DET,57,AsiaEqInsVv_Income,AsiaAndVvB_Income,1.0
DET,58,AsiaEqInsVv_Total,AsiaAndVvB_Total,1.0
DET,59,AsiaEqVz_Income,Equities_Asia_Income,1.0
DET,60,AsiaEqVz_Total,Equities_Asia_Total,1.0
DET,61,AVEBE_hyp_Income,AsiaEqABVz_Income,0.024
DET,62,AVEBE_hyp_Income,EmAsEqABVz_Income,0.012
DET,63,AVEBE_hyp_Income,EmEMEAEqVz_Income,0.004
DET,64,AVEBE_hyp_Income,Emu3ABndVz_Income,0.39594
DET,65,AVEBE_hyp_Income,EuEqABVz_Income,0.204
DET,66,AVEBE_hyp_Income,EurCreVz_Income,0.075
DET,67,AVEBE_hyp_Income,HypVz_Income,0.099
DET,68,AVEBE_hyp_Income,JapEqABVz_Income,0.04
DET,69,AVEBE_hyp_Income,LamEqVz_Income,0.004
DET,70,AVEBE_hyp_Income,LDOVz_Income,0.03006
DET,71,AVEBE_hyp_Income,NamXEqABVz_Income,0.112
DET,72,AVEBE_hyp_Income,WrdHiYVz_Income,0.0
DET,73,AVEBE_hyp_Total,AsiaEqABVz_Total,0.024
DET,74,AVEBE_hyp_Total,EmAsEqABVz_Total,0.012
DET,75,AVEBE_hyp_Total,EmEMEAEqVz_Total,0.004
DET,76,AVEBE_hyp_Total,Emu3ABndVz_Total,0.39594
DET,77,AVEBE_hyp_Total,EuEqABVz_Total,0.204
DET,78,AVEBE_hyp_Total,EurCreVz_Total,0.075
DET,79,AVEBE_hyp_Total,HypVz_Total,0.099
DET,80,AVEBE_hyp_Total,JapEqABVz_Total,0.04
DET,81,AVEBE_hyp_Total,LamEqVz_Total,0.004
DET,82,AVEBE_hyp_Total,LDOVz_Total,0.03006
DET,83,AVEBE_hyp_Total,NamXEqABVz_Total,0.112
DET,84,AVEBE_hyp_Total,WrdHiYVz_Total,0.0
DET,85,BP_hyp_Income,AEGON_Cash_Total,0.01
DET,86,BP_hyp_Income,WorldEqVz_Income,0.25
DET,87,BP_hyp_Income,EuBndInsVz_Income,0.592
DET,88,BP_hyp_Income,EurCreVz_Income,0.148
DET,89,BP_hyp_Total,AEGON_Cash_Total,0.01
DET,90,BP_hyp_Total,WorldEqVz_Total,0.25
DET,91,BP_hyp_Total,EuBndInsVz_Total,0.592
DET,92,BP_hyp_Total,EurCreVz_Total,0.148
DET,93,Cement_hyp_Income,AEGON_Cash_Total,1.0
DET,94,Cement_hyp_Total,AEGON_Cash_Total,1.0
DET,95,CombiEqVz_Income,EquityVz_Income,1.0
DET,96,CombiEqVz_Total,EquityVz_Total,1.0
DET,97,CombiRntVz_Income,RntVz_Income,1.0
DET,98,CombiRntVz_Total,RntVz_Total,1.0
DET,99,ComfEurVz_Income,EuEqVz_Income,1.0
DET,100,ComfEurVz_Total,EuEqVz_Total,1.0
DET,101,ComVz_Income,Commodities_Income,1.0
DET,102,ComVz_Total,Commodities_Total,1.0
DET,103,CreHypVz_Income,AEGON_Cash_Total,1.0
DET,104,CreHypVz_Total,AEGON_Cash_Total,1.0
DET,105,Dakpannen_hyp_Income,WorldEqVz_Income,0.18
DET,106,Dakpannen_hyp_Income,Emu3ABndVz_Income,0.82
DET,107,Dakpannen_hyp_Total,WorldEqVz_Total,0.18
DET,108,Dakpannen_hyp_Total,Emu3ABndVz_Total,0.82
DET,109,DeliUniver_hyp_Income,AEGON_Cash_Total,0.01
DET,110,DeliUniver_hyp_Income,WorldEqVz_Income,0.2
DET,111,DeliUniver_hyp_Income,Emu3ABndVz_Income,0.79
DET,112,DeliUniver_hyp_Total,AEGON_Cash_Total,0.01
DET,113,DeliUniver_hyp_Total,WorldEqVz_Total,0.2
DET,114,DeliUniver_hyp_Total,Emu3ABndVz_Total,0.79
DET,115,DeloitteVz_hyp_Income,StrAllEqVz_Income,0.240075
DET,116,DeloitteVz_hyp_Income,StrAllFiVz_Income,0.584925
DET,117,DeloitteVz_hyp_Income,Emu3ABndVz_Income,0.175
DET,118,DeloitteVz_hyp_Total,StrAllEqVz_Total,0.240075
DET,119,DeloitteVz_hyp_Total,StrAllFiVz_Total,0.584925
DET,120,DeloitteVz_hyp_Total,Emu3ABndVz_Total,0.175
DET,121,DepEurVvB_Income,AEGON_Cash_Total,1.0
DET,122,DepEurVvB_Total,AEGON_Cash_Total,1.0
DET,123,DepVz_Income,AEGON_Cash_Total,1.0
DET,124,DepVz_Total,AEGON_Cash_Total,1.0
DET,125,Dyn1Vz_Income,DepVz_Income,0.6
DET,126,Dyn1Vz_Income,Emu3ABndVz_Income,0.4
DET,127,Dyn1Vz_Total,DepVz_Total,0.6
DET,128,Dyn1Vz_Total,Emu3ABndVz_Total,0.4
DET,129,Dyn2Vz_Income,DepVz_Income,0.3
DET,130,Dyn2Vz_Income,Emu3ABndVz_Income,0.565
DET,131,Dyn2Vz_Income,GTAAVz_Income,0.01
DET,132,Dyn2Vz_Income,TKPCommodity_Income,0.0
DET,133,Dyn2Vz_Income,VastgoedFd_Income,0.0375
DET,134,Dyn2Vz_Income,WorldEqVz_Income,0.0875
DET,135,Dyn2Vz_Total,DepVz_Total,0.3
DET,136,Dyn2Vz_Total,Emu3ABndVz_Total,0.565
DET,137,Dyn2Vz_Total,GTAAVz_Total,0.01
DET,138,Dyn2Vz_Total,TKPCommodity_Total,0.0
DET,139,Dyn2Vz_Total,VastgoedFd_Total,0.0375
DET,140,Dyn2Vz_Total,WorldEqVz_Total,0.0875
DET,141,Dyn3Vz_Income,Emu3ABndVz_Income,0.735
DET,142,Dyn3Vz_Income,GTAAVz_Income,0.015
DET,143,Dyn3Vz_Income,TKPCommodity_Income,0.0
DET,144,Dyn3Vz_Income,VastgoedFd_Income,0.075
DET,145,Dyn3Vz_Income,WorldEqVz_Income,0.175
DET,146,Dyn3Vz_Total,Emu3ABndVz_Total,0.735
DET,147,Dyn3Vz_Total,GTAAVz_Total,0.015
DET,148,Dyn3Vz_Total,TKPCommodity_Total,0.0
DET,149,Dyn3Vz_Total,VastgoedFd_Total,0.075
DET,150,Dyn3Vz_Total,WorldEqVz_Total,0.175
DET,151,Dyn4Vz_Income,Emu3ABndVz_Income,0.605
DET,152,Dyn4Vz_Income,GTAAVz_Income,0.02
DET,153,Dyn4Vz_Income,TKPCommodity_Income,0.0
DET,154,Dyn4Vz_Income,VastgoedFd_Income,0.1125
DET,155,Dyn4Vz_Income,WorldEqVz_Income,0.2625
DET,156,Dyn4Vz_Total,Emu3ABndVz_Total,0.605
DET,157,Dyn4Vz_Total,GTAAVz_Total,0.02
DET,158,Dyn4Vz_Total,TKPCommodity_Total,0.0
DET,159,Dyn4Vz_Total,VastgoedFd_Total,0.1125
DET,160,Dyn4Vz_Total,WorldEqVz_Total,0.2625
DET,161,Dyn5Vz_Income,Emu3ABndVz_Income,0.475
DET,162,Dyn5Vz_Income,GTAAVz_Income,0.025
DET,163,Dyn5Vz_Income,TKPCommodity_Income,0.0
DET,164,Dyn5Vz_Income,VastgoedFd_Income,0.15
DET,165,Dyn5Vz_Income,WorldEqVz_Income,0.35
DET,166,Dyn5Vz_Total,Emu3ABndVz_Total,0.475
DET,167,Dyn5Vz_Total,GTAAVz_Total,0.025
DET,168,Dyn5Vz_Total,TKPCommodity_Total,0.0
DET,169,Dyn5Vz_Total,VastgoedFd_Total,0.15
DET,170,Dyn5Vz_Total,WorldEqVz_Total,0.35
DET,171,Dyn6Vz_Income,Emu3ABndVz_Income,0.3475
DET,172,Dyn6Vz_Income,GTAAVz_Income,0.0275
DET,173,Dyn6Vz_Income,TKPCommodity_Income,0.0
DET,174,Dyn6Vz_Income,VastgoedFd_Income,0.1625
DET,175,Dyn6Vz_Income,WorldEqVz_Income,0.4625
DET,176,Dyn6Vz_Total,Emu3ABndVz_Total,0.3475
DET,177,Dyn6Vz_Total,GTAAVz_Total,0.0275
DET,178,Dyn6Vz_Total,TKPCommodity_Total,0.0
DET,179,Dyn6Vz_Total,VastgoedFd_Total,0.1625
DET,180,Dyn6Vz_Total,WorldEqVz_Total,0.4625
DET,181,Dyn7Vz_Income,Emu3ABndVz_Income,0.22
DET,182,Dyn7Vz_Income,GTAAVz_Income,0.03
DET,183,Dyn7Vz_Income,TKPCommodity_Income,0.0
DET,184,Dyn7Vz_Income,VastgoedFd_Income,0.175
DET,185,Dyn7Vz_Income,WorldEqVz_Income,0.575
DET,186,Dyn7Vz_Total,Emu3ABndVz_Total,0.22
DET,187,Dyn7Vz_Total,GTAAVz_Total,0.03
DET,188,Dyn7Vz_Total,TKPCommodity_Total,0.0
DET,189,Dyn7Vz_Total,VastgoedFd_Total,0.175
DET,190,Dyn7Vz_Total,WorldEqVz_Total,0.575
DET,191,Dyn8Vz_Income,Emu3ABndVz_Income,0.0925
DET,192,Dyn8Vz_Income,GTAAVz_Income,0.0325
DET,193,Dyn8Vz_Income,TKPCommodity_Income,0.0
DET,194,Dyn8Vz_Income,VastgoedFd_Income,0.1875
DET,195,Dyn8Vz_Income,WorldEqVz_Income,0.6875
DET,196,Dyn8Vz_Total,Emu3ABndVz_Total,0.0925
DET,197,Dyn8Vz_Total,GTAAVz_Total,0.0325
DET,198,Dyn8Vz_Total,TKPCommodity_Total,0.0
DET,199,Dyn8Vz_Total,VastgoedFd_Total,0.19
DET,200,Dyn8Vz_Total,WorldEqVz_Total,0.69
DET,201,Dyn9Vz_Income,GTAAVz_Income,0.04
DET,202,Dyn9Vz_Income,TKPCommodity_Income,0.0
DET,203,Dyn9Vz_Income,VastgoedFd_Income,0.2
DET,204,Dyn9Vz_Income,WorldEqVz_Income,0.77
DET,205,Dyn9Vz_Total,GTAAVz_Total,0.04
DET,206,Dyn9Vz_Total,TKPCommodity_Total,0.0
DET,207,Dyn9Vz_Total,VastgoedFd_Total,0.2
DET,208,Dyn9Vz_Total,WorldEqVz_Total,0.77
DET,209,EmAsEqABVz_Income,EmAsEqBVzP_Income,1.0
DET,210,EmAsEqABVz_Total,EmAsEqBVzP_Total,1.0
DET,211,EmAsEqBVzP_Income,Equities_Asia_Income,1.0
DET,212,EmAsEqBVzP_Total,Equities_Asia_Total,1.0
DET,213,EmAsEqInsVv_Income,EmAsVvB_Income,1.0
DET,214,EmAsEqInsVv_Total,EmAsVvB_Total,1.0
DET,215,EmAsEqVz_Income,AsiaEqVz_Income,1.0
DET,216,EmAsEqVz_Total,AsiaEqVz_Total,1.0
DET,217,EmAsVvB_Income,AsiaEqVz_Income,1.0
DET,218,EmAsVvB_Total,AsiaEqVz_Total,1.0
DET,219,EMDInsVv_Income,EmdVvB_Income,1.0
DET,220,EMDInsVv_Total,EmdVvB_Total,1.0
DET,221,EmdVvB_Income,Emerging_Markets_Income,1.0
DET,222,EmdVvB_Total,Emerging_Markets_Total,1.0
DET,223,EMDVz_Income,EMDVzP_Income,1.0
DET,224,EMDVz_Total,EMDVzP_Total,1.0
DET,225,EMDVzP_Income,Emerging_Markets_Income,1.0
DET,226,EMDVzP_Total,Emerging_Markets_Total,1.0
DET,227,EmEMEAEqVz_Income,AEGON_Cash_Total,1.0
DET,228,EmEMEAEqVz_Total,AEGON_Cash_Total,1.0
DET,229,EmEurEqVz_Income,EuEqVz_Income,1.0
DET,230,EmEurEqVz_Total,EuEqVz_Total,1.0
DET,231,Emu3ABndBVz_Income,Emu3ABndVz_Income,1.0
DET,232,Emu3ABndBVz_Total,Emu3ABndVz_Total,1.0
DET,233,Emu3ABndVz_Income,EuroVzP_Income,1.0
DET,234,Emu3ABndVz_Income,FutVrwVzP_Income,0.0
DET,235,Emu3ABndVz_Total,EuroVzP_Total,1.0
DET,236,Emu3ABndVz_Total,FutVrwVzP_Total,0.0
DET,237,Emu3AInsBVv_Income,Emu3AOblVvB_Income,1.0
DET,238,Emu3AInsBVv_Total,Emu3AOblVvB_Total,1.0
DET,239,Emu3AInsVv_Income,Emu3AOblVvB_Income,1.0
DET,240,Emu3AInsVv_Income,FutVrwVvB_Income,0.0
DET,241,Emu3AInsVv_Total,Emu3AOblVvB_Total,1.0
DET,242,Emu3AInsVv_Total,FutVrwVvB_Total,0.0
DET,243,Emu3AOblVvB_Income,European_3A_Bonds_Income,1.0
DET,244,Emu3AOblVvB_Total,European_3A_Bonds_Total,1.0
DET,245,Emu3AObVvB_Income,European_3A_Bonds_Income,1.0
DET,246,Emu3AObVvB_Total,European_3A_Bonds_Total,1.0
DET,247,EmuAndRtVv_Income,EmuAndVvB_Income,1.0
DET,248,EmuAndRtVv_Total,EmuAndVvB_Total,1.0
DET,249,EmuAndVvB_Income,EuEqVz_Income,1.0
DET,250,EmuAndVvB_Total,EuEqVz_Total,1.0
DET,251,EmVz_Income,EmAsEqVz_Income,0.58
DET,252,EmVz_Income,EmEurEqVz_Income,0.1
DET,253,EmVz_Income,LamEqVz_Income,0.22
DET,254,EmVz_Income,MeAfEqVz_Income,0.1
DET,255,EmVz_Total,EmAsEqVz_Total,0.58
DET,256,EmVz_Total,EmEurEqVz_Total,0.1
DET,257,EmVz_Total,LamEqVz_Total,0.22
DET,258,EmVz_Total,MeAfEqVz_Total,0.1
DET,259,EquityVz_Income,AsiaEqVz_Income,0.03
DET,260,EquityVz_Income,EmAsEqVz_Income,0.04
DET,261,EquityVz_Income,EmEurEqVz_Income,0.02
DET,262,EquityVz_Income,EuEqVz_Income,0.48
DET,263,EquityVz_Income,JapEqVz_Income,0.08
DET,264,EquityVz_Income,LamEqVz_Income,0.01
DET,265,EquityVz_Income,MeAfEqVz_Income,0.01
DET,266,EquityVz_Income,NamEqABVz_Income,0.34
DET,267,EquityVz_Total,AsiaEqVz_Total,0.026619875
DET,268,EquityVz_Total,EmAsEqVz_Total,0.037147875
DET,269,EquityVz_Total,EmEurEqVz_Total,0.017077875
DET,270,EquityVz_Total,EuEqVz_Total,0.482921875
DET,271,EquityVz_Total,JapEqVz_Total,0.075356875
DET,272,EquityVz_Total,LamEqVz_Total,0.014012875
DET,273,EquityVz_Total,MeAfEqVz_Total,0.008557875
DET,274,EquityVz_Total,NamEqABVz_Total,0.338304875
DET,275,EuAndRtVv_Income,EuAndVvB_Income,1.0
DET,276,EuAndRtVv_Total,EuAndVvB_Total,1.0
DET,277,EuAndVvB_Income,EuEqVz_Income,1.0
DET,278,EuAndVvB_Total,EuEqVz_Total,1.0
DET,279,EuBndInsBVz_Income,OblEurVzP_Income,1.0
DET,280,EuBndInsBVz_Total,OblEurVzP_Total,1.0
DET,281,EuBndInsVz_Income,FutVrwVzP_Income,0.0
DET,282,EuBndInsVz_Income,OblEurVzP_Income,1.0
DET,283,EuBndInsVz_Total,FutVrwVzP_Total,0.0
DET,284,EuBndInsVz_Total,OblEurVzP_Total,1.0
DET,285,EuEqABVz_Income,EuEqBVzP_Income,1.0
DET,286,EuEqABVz_Total,EuEqBVzP_Total,1.0
DET,287,EuEqBVzP_Income,Equities_Europe_Income,1.0
DET,288,EuEqBVzP_Total,Equities_Europe_Total,1.0
DET,289,EuEqInsVv_Income,EuAndVvB_Income,1.0
DET,290,EuEqInsVv_Total,EuAndVvB_Total,1.0
DET,291,EuEqVz_Income,Equities_Europe_Income,1.0
DET,292,EuEqVz_Total,Equities_Europe_Total,1.0
DET,293,EuMixRtVv_Income,DepEurVvB_Income,0.0
DET,294,EuMixRtVv_Income,EuAndVvB_Income,0.7
DET,295,EuMixRtVv_Income,EurCreVvB_Income,0.05
DET,296,EuMixRtVv_Income,EurOblVvB_Income,0.25
DET,297,EuMixRtVv_Income,FurVrwVvB_Income,0.0
DET,298,EuMixRtVv_Total,DepEurVvB_Total,0.0
DET,299,EuMixRtVv_Total,EuAndVvB_Total,0.7
DET,300,EuMixRtVv_Total,EurCreVvB_Total,0.05
DET,301,EuMixRtVv_Total,EurOblVvB_Total,0.25
DET,302,EuMixRtVv_Total,FurVrwVvB_Total,0.0
DET,303,EuMixVz_Income,DepVz_Income,0.0
DET,304,EuMixVz_Income,EuEqVz_Income,0.7
DET,305,EuMixVz_Income,EurCreVz_Income,0.05
DET,306,EuMixVz_Income,EuRntRtVz_Income,0.25
DET,307,EuMixVz_Total,DepVz_Total,0.0
DET,308,EuMixVz_Total,EuEqVz_Total,0.7
DET,309,EuMixVz_Total,EurCreVz_Total,0.05
DET,310,EuMixVz_Total,EuRntRtVz_Total,0.25
DET,311,EuOblRtVv_Income,EurOblVvB_Income,1.0
DET,312,EuOblRtVv_Income,FutVrwVvB_Income,0.0
DET,313,EuOblRtVv_Total,EurOblVvB_Total,1.0
DET,314,EuOblRtVv_Total,FutVrwVvB_Total,0.0
DET,315,EurCreVv_Income,EurCreVvB_Income,1.0
DET,316,EurCreVv_Total,EurCreVvB_Total,1.0
DET,317,EurCreVvB_Income,European_Credits_Income,1.0
DET,318,EurCreVvB_Total,European_Credits_Total,1.0
DET,319,EurCreVz_Income,EurCreVzP_Income,1.0
DET,320,EurCreVz_Total,EurCreVzP_Total,1.0
DET,321,EurCreVzP_Income,European_Credits_Income,1.0
DET,322,EurCreVzP_Total,European_Credits_Total,1.0
DET,323,EurHiYVvB_Income,High_Yield_Europe_Income,1.0
DET,324,EurHiYVvB_Total,High_Yield_Europe_Total,1.0
DET,325,EurHiYVzP_Income,High_Yield_Europe_Income,1.0
DET,326,EurHiYVzP_Total,High_Yield_Europe_Total,1.0
DET,327,EurINdexVv_Income,EurIndexVvB_Income,1.0
DET,328,EurINdexVv_Total,EurIndexVvB_Total,1.0
DET,329,EurIndexVvB_Income,EuEqVz_Income,1.0
DET,330,EurIndexVvB_Total,EuEqVz_Total,1.0
DET,331,EuRntRtVz_Income,FutVrwVzP_Income,0.0
DET,332,EuRntRtVz_Income,OblEurVzP_Income,1.0
DET,333,EuRntRtVz_Total,FutVrwVzP_Total,0.0
DET,334,EuRntRtVz_Total,OblEurVzP_Total,1.0
DET,335,EurOblBvv_Income,EurOblVvB_Income,1.0
DET,336,EurOblBvv_Total,EurOblVvB_Total,1.0
DET,337,EurOblVv_Income,EurOblVvB_Income,1.0
DET,338,EurOblVv_Income,FutVrwVvB_Income,0.0
DET,339,EurOblVv_Total,EurOblVvB_Total,1.0
DET,340,EurOblVv_Total,FutVrwVvB_Total,0.0
DET,341,EurOblVvB_Income,European_3A_Bonds_Income,1.0
DET,342,EurOblVvB_Total,European_3A_Bonds_Total,1.0
DET,343,EuroVzP_Income,European_3A_Bonds_Income,1.0
DET,344,EuroVzP_Total,European_3A_Bonds_Total,1.0
DET,345,FortisObam_Income,AEGON_Cash_Total,1.0
DET,346,FortisObam_Total,AEGON_Cash_Total,1.0
DET,347,FurVrwVvB_Income,LDO_Income,1.0
DET,348,FurVrwVvB_Total,LDO_Total,1.0
DET,349,FutMixVzp_Income,Absolute_Return_Income,1.0
DET,350,FutMixVzp_Total,Absolute_Return_Total,1.0
DET,351,FutVrwVvB_Income,LDO_Income,1.0
DET,352,FutVrwVvB_Total,LDO_Total,1.0
DET,353,FutVrwVzP_Income,LDO_Income,1.0
DET,354,FutVrwVzP_Total,LDO_Total,1.0
DET,355,GarCIRtVv_Income,DepEurVvB_Income,0.9
DET,356,GarCIRtVv_Income,OptEuVvB_Income,0.1
DET,357,GarCIRtVv_Total,DepEurVvB_Total,0.9
DET,358,GarCIRtVv_Total,OptEuVvB_Total,0.1
DET,359,GarCL95RtVv_Income,DepEurVvB_Income,0.95
DET,360,GarCL95RtVv_Income,OptEuVvB_Income,0.05
DET,361,GarCL95RtVv_Total,DepEurVvB_Total,0.95
DET,362,GarCL95RtVv_Total,OptEuVvB_Total,0.05
DET,363,Giessen_hyp_Income,AEGON_Cash_Total,1.0
DET,364,Giessen_hyp_Total,AEGON_Cash_Total,1.0
DET,365,GTAAVz_Income,AAAOVzP_Income,0.1
DET,366,GTAAVz_Income,GTAAVzP_Income,0.9
DET,367,GTAAVz_Total,AAAOVzP_Total,0.1
DET,368,GTAAVz_Total,GTAAVzP_Total,0.9
DET,369,GTAAVzP_Income,Absolute_Return_Income,1.0
DET,370,GTAAVzP_Total,Absolute_Return_Total,1.0
DET,371,HolEqVz_Income,Equities_Europe_Income,1.0
DET,372,HolEqVz_Total,Equities_Europe_Total,1.0
DET,373,HypVz_Income,Mortgages_Income,1.0
DET,374,HypVz_Total,Mortgages_Total,1.0
DET,375,Innovam_hyp_Income,AEGON_Cash_Total,1.0
DET,376,Innovam_hyp_Total,AEGON_Cash_Total,1.0
DET,377,JapAndVvB_Income,AsiaEqVz_Income,1.0
DET,378,JapAndVvB_Total,AsiaEqVz_Total,1.0
DET,379,JapEqABVz_Income,JapEqBVzP_Income,1.0
DET,380,JapEqABVz_Total,JapEqBVzP_Total,1.0
DET,381,JapEqBVzP_Income,Equities_Asia_Income,1.0
DET,382,JapEqBVzP_Total,Equities_Asia_Total,1.0
DET,383,JapEqInsVv_Income,JapAndVvB_Income,1.0
DET,384,JapEqInsVv_Total,JapAndVvB_Total,1.0
DET,385,JapEqVz_Income,AsiaEqVz_Income,1.0
DET,386,JapEqVz_Total,AsiaEqVz_Total,1.0
DET,387,Kappa_hyp_Income,AEGON_Cash_Total,1.0
DET,388,Kappa_hyp_Total,AEGON_Cash_Total,1.0
DET,389,Karton_hyp_Income,AEGON_Cash_Total,1.0
DET,390,Karton_hyp_Total,AEGON_Cash_Total,1.0
DET,391,KartonVut_hyp_Income,AEGON_Cash_Total,1.0
DET,392,KartonVut_hyp_Total,AEGON_Cash_Total,1.0
DET,393,LamAndVvB_Income,Equities_North_America_Income,1.0
DET,394,LamAndVvB_Total,Equities_North_America_Total,1.0
DET,395,LamEqVz_Income,Equities_North_America_Income,1.0
DET,396,LamEqVz_Total,Equities_North_America_Total,1.0
DET,397,LDOVz_Income,LDO_Income,1.0
DET,398,LDOVz_Total,LDO_Total,1.0
DET,399,Liquide_middelen_Income,AEGON_Cash_Total,1.0
DET,400,Liquide_middelen_Total,AEGON_Cash_Total,1.0
DET,401,Martinair_hyp_Income,AEGON_Cash_Total,1.0
DET,402,Martinair_hyp_Total,AEGON_Cash_Total,1.0
DET,403,MeAfEqVz_Income,AsiaEqVz_Income,1.0
DET,404,MeAfEqVz_Total,AsiaEqVz_Total,1.0
DET,405,MixAfb1Vz_Income,DepVz_Income,0.55
DET,406,MixAfb1Vz_Income,RntVz_Income,0.3
DET,407,MixAfb1Vz_Income,WorldEqVz_Income,0.15
DET,408,MixAfb1Vz_Total,DepVz_Total,0.55
DET,409,MixAfb1Vz_Total,RntVz_Total,0.3
DET,410,MixAfb1Vz_Total,WorldEqVz_Total,0.15
DET,411,MixAfb2Vz_Income,DepVz_Income,0.5
DET,412,MixAfb2Vz_Income,RntVz_Income,0.35
DET,413,MixAfb2Vz_Income,WorldEqVz_Income,0.15
DET,414,MixAfb2Vz_Total,DepVz_Total,0.5
DET,415,MixAfb2Vz_Total,RntVz_Total,0.35
DET,416,MixAfb2Vz_Total,WorldEqVz_Total,0.15
DET,417,MixAfb3Vz_Income,DepVz_Income,0.45
DET,418,MixAfb3Vz_Income,RntVz_Income,0.4
DET,419,MixAfb3Vz_Income,WorldEqVz_Income,0.15
DET,420,MixAfb3Vz_Total,DepVz_Total,0.45
DET,421,MixAfb3Vz_Total,RntVz_Total,0.4
DET,422,MixAfb3Vz_Total,WorldEqVz_Total,0.15
DET,423,MixAfb4Vz_Income,DepVz_Income,0.3
DET,424,MixAfb4Vz_Income,RntVz_Income,0.45
DET,425,MixAfb4Vz_Income,WorldEqVz_Income,0.25
DET,426,MixAfb4Vz_Total,DepVz_Total,0.3
DET,427,MixAfb4Vz_Total,RntVz_Total,0.45
DET,428,MixAfb4Vz_Total,WorldEqVz_Total,0.25
DET,429,MixAfb5Vz_Income,DepVz_Income,0.15
DET,430,MixAfb5Vz_Income,RntVz_Income,0.5
DET,431,MixAfb5Vz_Income,WorldEqVz_Income,0.35
DET,432,MixAfb5Vz_Total,DepVz_Total,0.15
DET,433,MixAfb5Vz_Total,RntVz_Total,0.5
DET,434,MixAfb5Vz_Total,WorldEqVz_Total,0.35
DET,435,MixVz_Income,GTAAVz_Income,0.03
DET,436,MixVz_Income,RntVz_Income,0.52
DET,437,MixVz_Income,TKPCommodity_Income,0.05
DET,438,MixVz_Income,VastgoedFd_Income,0.05
DET,439,MixVz_Income,WorldEqVz_Income,0.35
DET,440,MixVz_Total,ESG.EquityAssets.MixFund.TotalReturn,1.0
DET,441,MixVz_Total,RntVz_Total,0.0
DET,442,MixVz_Total,TKPCommodity_Total,0.0
DET,443,MixVz_Total,VastgoedFd_Total,0.0
DET,444,MixVz_Total,WorldEqVz_Total,0.0
DET,445,MondMixVz_Income,DepVz_Income,0.0
DET,446,MondMixVz_Income,EuEqVz_Income,0.7
DET,447,MondMixVz_Income,EurCreVz_Income,0.05
DET,448,MondMixVz_Income,EuRntRtVz_Income,0.25
DET,449,MondMixVz_Total,DepVz_Total,0.0
DET,450,MondMixVz_Total,EuEqVz_Total,0.7
DET,451,MondMixVz_Total,EurCreVz_Total,0.05
DET,452,MondMixVz_Total,EuRntRtVz_Total,0.25
DET,453,NamAndVvB_Income,Equities_North_America_Income,1.0
DET,454,NamAndVvB_Total,Equities_North_America_Total,1.0
DET,455,NamEqABVz_Income,NamEqBVzP_Income,1.0
DET,456,NamEqABVz_Total,NamEqBVzP_Total,1.0
DET,457,NamEqAVzP_Income,Equities_North_America_Income,1.0
DET,458,NamEqAVzP_Total,Equities_North_America_Total,1.0
DET,459,NamEqBOVzP_Income,Equities_North_America_Income,1.0
DET,460,NamEqBOVzP_Total,Equities_North_America_Total,1.0
DET,461,NamEqBVz_Income,NamEqBVzP_Income,1.0
DET,462,NamEqBVz_Total,NamEqBVzP_Total,1.0
DET,463,NamEqBVzP_Income,Equities_North_America_Income,1.0
DET,464,NamEqBVzP_Total,Equities_North_America_Total,1.0
DET,465,NamEqInsVv_Income,NamAndVvB_Income,1.0
DET,466,NamEqInsVv_Total,NamAndVvB_Total,1.0
DET,467,NamHiYVvB_Income,Equities_North_America_Income,1.0
DET,468,NamHiYVvB_Total,Equities_North_America_Total,1.0
DET,469,NamHiYVzP_Income,Equities_North_America_Income,1.0
DET,470,NamHiYVzP_Total,Equities_North_America_Total,1.0
DET,471,NamXEqABVz_Income,NamEqABVz_Income,1.0
DET,472,NamXEqABVz_Total,NamEqABVz_Total,1.0
DET,473,NamXEqBVz_Income,NamEqBVzP_Income,1.0
DET,474,NamXEqBVz_Total,NamEqBVzP_Total,1.0
DET,475,NamXEqInsVv_Income,NamAndVvB_Income,1.0
DET,476,NamXEqInsVv_Total,NamAndVvB_Total,1.0
DET,477,NedIndexVv_Income,NedIndexVvB_Income,1.0
DET,478,NedIndexVv_Total,NedIndexVvB_Total,1.0
DET,479,NedIndexVvB_Income,EuEqVz_Income,1.0
DET,480,NedIndexVvB_Total,EuEqVz_Total,1.0
DET,481,Nerflex_hyp_Income,AEGON_Cash_Total,1.0
DET,482,Nerflex_hyp_Total,AEGON_Cash_Total,1.0
DET,483,NethVentCap_Income,AEGON_Cash_Total,1.0
DET,484,NethVentCap_Total,AEGON_Cash_Total,1.0
DET,485,NKF-Kabel_hyp_Income,AEGON_Cash_Total,1.0
DET,486,NKF-Kabel_hyp_Total,AEGON_Cash_Total,1.0
DET,487,NNI_hyp_Income,AEGON_Cash_Total,1.0
DET,488,NNI_hyp_Total,AEGON_Cash_Total,1.0
DET,489,NRB_hyp_Income,AEGON_Cash_Total,1.0
DET,490,NRB_hyp_Total,AEGON_Cash_Total,1.0
DET,491,OblEurVzP_Income,European_3A_Bonds_Income,1.0
DET,492,OblEurVzP_Total,European_3A_Bonds_Total,1.0
DET,493,OptasCMF1Vv_Income,AsiaAndVvB_Income,0.0
DET,494,OptasCMF1Vv_Income,DepEurVvB_Income,0.3
DET,495,OptasCMF1Vv_Income,EmAsVvB_Income,0.01
DET,496,OptasCMF1Vv_Income,Emu3AOblVvB_Income,0.58
DET,497,OptasCMF1Vv_Income,EuAndVvB_Income,0.03
DET,498,OptasCMF1Vv_Income,FutVrwVvB_Income,0.0
DET,499,OptasCMF1Vv_Income,JapAndVvB_Income,0.01
DET,500,OptasCMF1Vv_Income,LamAndVvB_Income,0.0
DET,501,OptasCMF1Vv_Income,NamAndVvB_Income,0.06
DET,502,OptasCMF1Vv_Income,TKPCommodity_Income,0.0
DET,503,OptasCMF1Vv_Income,VgReAndVvB_Income,0.01
DET,504,OptasCMF1Vv_Total,AsiaAndVvB_Total,0.0
DET,505,OptasCMF1Vv_Total,DepEurVvB_Total,0.3
DET,506,OptasCMF1Vv_Total,EmAsVvB_Total,0.01
DET,507,OptasCMF1Vv_Total,Emu3AOblVvB_Total,0.58
DET,508,OptasCMF1Vv_Total,EuAndVvB_Total,0.03
DET,509,OptasCMF1Vv_Total,FutVrwVvB_Total,0.0
DET,510,OptasCMF1Vv_Total,JapAndVvB_Total,0.01
DET,511,OptasCMF1Vv_Total,LamAndVvB_Total,0.0
DET,512,OptasCMF1Vv_Total,NamAndVvB_Total,0.06
DET,513,OptasCMF1Vv_Total,TKPCommodity_Total,0.0
DET,514,OptasCMF1Vv_Total,VgReAndVvB_Total,0.01
DET,515,OptasCMF2Vv_Income,AsiaAndVvB_Income,0.01
DET,516,OptasCMF2Vv_Income,EmAsVvB_Income,0.01
DET,517,OptasCMF2Vv_Income,Emu3AOblVvB_Income,0.75
DET,518,OptasCMF2Vv_Income,EuAndVvB_Income,0.06
DET,519,OptasCMF2Vv_Income,FutVrwVvB_Income,0.0
DET,520,OptasCMF2Vv_Income,JapAndVvB_Income,0.02
DET,521,OptasCMF2Vv_Income,LamAndVvB_Income,0.0
DET,522,OptasCMF2Vv_Income,NamAndVvB_Income,0.11
DET,523,OptasCMF2Vv_Income,TKPCommodity_Income,0.0
DET,524,OptasCMF2Vv_Income,VgReAndVvB_Income,0.03
DET,525,OptasCMF2Vv_Total,AsiaAndVvB_Total,0.01
DET,526,OptasCMF2Vv_Total,EmAsVvB_Total,0.01
DET,527,OptasCMF2Vv_Total,Emu3AOblVvB_Total,0.75
DET,528,OptasCMF2Vv_Total,EuAndVvB_Total,0.06
DET,529,OptasCMF2Vv_Total,FutVrwVvB_Total,0.0
DET,530,OptasCMF2Vv_Total,JapAndVvB_Total,0.02
DET,531,OptasCMF2Vv_Total,LamAndVvB_Total,0.0
DET,532,OptasCMF2Vv_Total,NamAndVvB_Total,0.11
DET,533,OptasCMF2Vv_Total,TKPCommodity_Total,0.0
DET,534,OptasCMF2Vv_Total,VgReAndVvB_Total,0.03
DET,535,OptasCMF3Vv_Income,AsiaAndVvB_Income,0.01
DET,536,OptasCMF3Vv_Income,EmAsVvB_Income,0.02
DET,537,OptasCMF3Vv_Income,Emu3AOblVvB_Income,0.63
DET,538,OptasCMF3Vv_Income,EuAndVvB_Income,0.1
DET,539,OptasCMF3Vv_Income,FutVrwVvB_Income,0.0
DET,540,OptasCMF3Vv_Income,JapAndVvB_Income,0.04
DET,541,OptasCMF3Vv_Income,LamAndVvB_Income,0.01
DET,542,OptasCMF3Vv_Income,NamAndVvB_Income,0.17
DET,543,OptasCMF3Vv_Income,TKPCommodity_Income,0.0
DET,544,OptasCMF3Vv_Income,VgReAndVvB_Income,0.04
DET,545,OptasCMF3Vv_Total,AsiaAndVvB_Total,0.01
DET,546,OptasCMF3Vv_Total,EmAsVvB_Total,0.02
DET,547,OptasCMF3Vv_Total,Emu3AOblVvB_Total,0.63
DET,548,OptasCMF3Vv_Total,EuAndVvB_Total,0.1
DET,549,OptasCMF3Vv_Total,FutVrwVvB_Total,0.0
DET,550,OptasCMF3Vv_Total,JapAndVvB_Total,0.04
DET,551,OptasCMF3Vv_Total,LamAndVvB_Total,0.01
DET,552,OptasCMF3Vv_Total,NamAndVvB_Total,0.17
DET,553,OptasCMF3Vv_Total,TKPCommodity_Total,0.0
DET,554,OptasCMF3Vv_Total,VgReAndVvB_Total,0.04
DET,555,OptasCMF4Vv_Income,AsiaAndVvB_Income,0.02
DET,556,OptasCMF4Vv_Income,EmAsVvB_Income,0.03
DET,557,OptasCMF4Vv_Income,Emu3AOblVvB_Income,0.5
DET,558,OptasCMF4Vv_Income,EuAndVvB_Income,0.13
DET,559,OptasCMF4Vv_Income,FutVrwVvB_Income,0.0
DET,560,OptasCMF4Vv_Income,JapAndVvB_Income,0.05
DET,561,OptasCMF4Vv_Income,NamAndVvB_Income,0.22
DET,562,OptasCMF4Vv_Income,TKPCommodity_Income,0.0
DET,563,OptasCMF4Vv_Income,VgReAndVvB_Income,0.05
DET,564,OptasCMF4Vv_Total,AsiaAndVvB_Total,0.02
DET,565,OptasCMF4Vv_Total,EmAsVvB_Total,0.03
DET,566,OptasCMF4Vv_Total,Emu3AOblVvB_Total,0.5
DET,567,OptasCMF4Vv_Total,EuAndVvB_Total,0.13
DET,568,OptasCMF4Vv_Total,FutVrwVvB_Total,0.0
DET,569,OptasCMF4Vv_Total,JapAndVvB_Total,0.05
DET,570,OptasCMF4Vv_Total,NamAndVvB_Total,0.22
DET,571,OptasCMF4Vv_Total,TKPCommodity_Total,0.0
DET,572,OptasCMF4Vv_Total,VgReAndVvB_Total,0.05
DET,573,OptasCMF5Vv_Income,AsiaAndVvB_Income,0.02
DET,574,OptasCMF5Vv_Income,EmAsVvB_Income,0.03
DET,575,OptasCMF5Vv_Income,Emu3AOblVvB_Income,0.38
DET,576,OptasCMF5Vv_Income,EuAndVvB_Income,0.16
DET,577,OptasCMF5Vv_Income,FutVrwVvB_Income,0.0
DET,578,OptasCMF5Vv_Income,JapAndVvB_Income,0.06
DET,579,OptasCMF5Vv_Income,LamAndVvB_Income,0.01
DET,580,OptasCMF5Vv_Income,NamAndVvB_Income,0.28
DET,581,OptasCMF5Vv_Income,TKPCommodity_Income,0.0
DET,582,OptasCMF5Vv_Income,VgReAndVvB_Income,0.06
DET,583,OptasCMF5Vv_Total,AsiaAndVvB_Total,0.02
DET,584,OptasCMF5Vv_Total,EmAsVvB_Total,0.03
DET,585,OptasCMF5Vv_Total,Emu3AOblVvB_Total,0.38
DET,586,OptasCMF5Vv_Total,EuAndVvB_Total,0.16
DET,587,OptasCMF5Vv_Total,FutVrwVvB_Total,0.0
DET,588,OptasCMF5Vv_Total,JapAndVvB_Total,0.06
DET,589,OptasCMF5Vv_Total,LamAndVvB_Total,0.01
DET,590,OptasCMF5Vv_Total,NamAndVvB_Total,0.28
DET,591,OptasCMF5Vv_Total,TKPCommodity_Total,0.0
DET,592,OptasCMF5Vv_Total,VgReAndVvB_Total,0.06
DET,593,OptasEBS_hyp_Income,EuEqInsVv_Income,0.04
DET,594,OptasEBS_hyp_Income,PacEqInsVv_Income,0.01
DET,595,OptasEBS_hyp_Income,NamEqInsVv_Income,0.03
DET,596,OptasEBS_hyp_Income,VgReInsVv_Income,0.02
DET,597,OptasEBS_hyp_Income,TKPInflation_Income,0.14
DET,598,OptasEBS_hyp_Income,LDO_Income,0.02
DET,599,OptasEBS_hyp_Income,Emu3AInsVv_Income,0.75
DET,600,OptasEBS_hyp_Total,EuEqInsVv_Total,0.04
DET,601,OptasEBS_hyp_Total,PacEqInsVv_Total,0.01
DET,602,OptasEBS_hyp_Total,NamEqInsVv_Total,0.03
DET,603,OptasEBS_hyp_Total,VgReInsVv_Total,0.02
DET,604,OptasEBS_hyp_Total,TKPInflation_Total,0.14
DET,605,OptasEBS_hyp_Total,LDO_Total,0.02
DET,606,OptasEBS_hyp_Total,Emu3AInsVv_Total,0.75
DET,607,OptEuVvB_Income,Equities_Europe_Income,1.0
DET,608,OptEuVvB_Total,Equities_Europe_Total,1.0
DET,609,P03_hyp_fund_Income,10_YEAR_GOVERNMENT_AAA_Income,0.2
DET,610,P03_hyp_fund_Income,2_YEAR_GOVERNMENT_AAA_Income,0.35
DET,611,P03_hyp_fund_Income,30_YEAR_GOVERNMENT_AAA_Income,0.15
DET,612,P03_hyp_fund_Income,5_YEAR_GOVERNMENT_AAA_Income,0.3
DET,613,P03_hyp_fund_Total,10_YEAR_GOVERNMENT_AAA_Total,0.2
DET,614,P03_hyp_fund_Total,2_YEAR_GOVERNMENT_AAA_Total,0.35
DET,615,P03_hyp_fund_Total,30_YEAR_GOVERNMENT_AAA_Total,0.15
DET,616,P03_hyp_fund_Total,5_YEAR_GOVERNMENT_AAA_Total,0.3
DET,617,PacEqInsVv_Income,AsiaAndVvB_Income,0.19
DET,618,PacEqInsVv_Income,EmAsVvB_Income,0.27
DET,619,PacEqInsVv_Income,JapAndVvB_Income,0.54
DET,620,PacEqInsVv_Total,AsiaAndVvB_Total,0.19
DET,621,PacEqInsVv_Total,EmAsVvB_Total,0.27
DET,622,PacEqInsVv_Total,JapAndVvB_Total,0.54
DET,623,PacEqVz_Income,AsiaEqVz_Income,0.19
DET,624,PacEqVz_Income,EmAsEqVz_Income,0.27
DET,625,PacEqVz_Income,JapEqVz_Income,0.54
DET,626,PacEqVz_Total,AsiaEqVz_Total,0.19
DET,627,PacEqVz_Total,EmAsEqVz_Total,0.27
DET,628,PacEqVz_Total,JapEqVz_Total,0.54
DET,629,Pfizer_hyp_Income,AEGON_Cash_Total,0.01
DET,630,Pfizer_hyp_Income,WorldEqVz_Income,0.2
DET,631,Pfizer_hyp_Income,Emu3ABndVz_Income,0.79
DET,632,Pfizer_hyp_Total,AEGON_Cash_Total,0.01
DET,633,Pfizer_hyp_Total,WorldEqVz_Total,0.2
DET,634,Pfizer_hyp_Total,Emu3ABndVz_Total,0.79
DET,635,PinkRoccade_hyp_Income,WorldEqVz_Income,0.1
DET,636,PinkRoccade_hyp_Income,AEGON_Cash_Total,0.01
DET,637,PinkRoccade_hyp_Income,Emu3ABndVz_Income,0.76
DET,638,PinkRoccade_hyp_Income,HypVz_Income,0.13
DET,639,PinkRoccade_hyp_Total,WorldEqVz_Total,0.1
DET,640,PinkRoccade_hyp_Total,AEGON_Cash_Total,0.01
DET,641,PinkRoccade_hyp_Total,Emu3ABndVz_Total,0.76
DET,642,PinkRoccade_hyp_Total,HypVz_Total,0.13
DET,643,Polynorm_hyp_Income,StrAll6535Vz_Income,1.0
DET,644,Polynorm_hyp_Total,StrAll6535Vz_Total,1.0
DET,645,PrivEqVz_Income,Private_Equity_Income,1.0
DET,646,PrivEqVz_Total,Private_Equity_Total,1.0
DET,647,Prof1RtVv_Income,DepEurVvB_Income,0.0
DET,648,Prof1RtVv_Income,Emu3AObVvB_Income,1.0
DET,649,Prof1RtVv_Income,FutVrwVvB_Income,0.0
DET,650,Prof1RtVv_Total,DepEurVvB_Total,0.0
DET,651,Prof1RtVv_Total,Emu3AObVvB_Total,1.0
DET,652,Prof1RtVv_Total,FutVrwVvB_Total,0.0
DET,653,Prof1Vz_Income,Emu3ABndVz_Income,1.0
DET,654,Prof1Vz_Total,Emu3ABndVz_Total,1.0
DET,655,Prof2Vz_Income,StrAll7525Vz_Income,1.0
DET,656,Prof2Vz_Total,StrAll7525Vz_Total,1.0
DET,657,Prof3Vz_Income,StrAll6535Vz_Income,1.0
DET,658,Prof3Vz_Total,StrAll6535Vz_Total,1.0
DET,659,RntVz_Income,EuroVzP_Income,1.0
DET,660,RntVz_Income,FutVrwVzP_Income,0.0
DET,661,RntVz_Total,EuroVzP_Total,1.0
DET,662,RntVz_Total,FutVrwVzP_Total,0.0
DET,663,Sanoma_hyp_Income,EmEMEAEqVz_Income,0.01
DET,664,Sanoma_hyp_Income,WrdComVz_Income,0.01
DET,665,Sanoma_hyp_Income,JapEqABVz_Income,0.02
DET,666,Sanoma_hyp_Income,AsiaEqABVz_Income,0.03
DET,667,Sanoma_hyp_Income,NamEqABVz_Income,0.03
DET,668,Sanoma_hyp_Income,EmAsEqABVz_Income,0.03
DET,669,Sanoma_hyp_Income,NamXEqABVz_Income,0.03
DET,670,Sanoma_hyp_Income,WrdHiYVz_Income,0.04
DET,671,Sanoma_hyp_Income,EuEqABVz_Income,0.05
DET,672,Sanoma_hyp_Income,TKPRealEstate_Income,0.05
DET,673,Sanoma_hyp_Income,LDOVz_Income,0.06
DET,674,Sanoma_hyp_Income,EMDVz_Income,0.17
DET,675,Sanoma_hyp_Income,EurCreVz_Income,0.22
DET,676,Sanoma_hyp_Income,Emu3ABndVz_Income,0.26
DET,677,Sanoma_hyp_Total,EmEMEAEqVz_Total,0.01
DET,678,Sanoma_hyp_Total,WrdComVz_Total,0.01
DET,679,Sanoma_hyp_Total,JapEqABVz_Total,0.02
DET,680,Sanoma_hyp_Total,AsiaEqABVz_Total,0.03
DET,681,Sanoma_hyp_Total,NamEqABVz_Total,0.03
DET,682,Sanoma_hyp_Total,EmAsEqABVz_Total,0.03
DET,683,Sanoma_hyp_Total,NamXEqABVz_Total,0.03
DET,684,Sanoma_hyp_Total,WrdHiYVz_Total,0.04
DET,685,Sanoma_hyp_Total,EuEqABVz_Total,0.05
DET,686,Sanoma_hyp_Total,TKPRealEstate_Total,0.05
DET,687,Sanoma_hyp_Total,LDOVz_Total,0.06
DET,688,Sanoma_hyp_Total,EMDVz_Total,0.17
DET,689,Sanoma_hyp_Total,EurCreVz_Total,0.22
DET,690,Sanoma_hyp_Total,Emu3ABndVz_Total,0.26
DET,691,Sappi_hyp_Income,AEGON_Cash_Total,1.0
DET,692,Sappi_hyp_Total,AEGON_Cash_Total,1.0
DET,693,SriAndVvB_Income,WorldEqVz_Income,1.0
DET,694,SriAndVvB_Total,WorldEqVz_Total,1.0
DET,695,SriWrdEqVz_Income,Equities_Europe_Income,1.0
DET,696,SriWrdEqVz_Total,Equities_Europe_Total,1.0
DET,697,SriWrdInsVv_Income,Equities_Europe_Income,1.0
DET,698,SriWrdInsVv_Total,Equities_Europe_Total,1.0
DET,699,StrAll6535Vz_Income,AbsRetVz_Income,0.07
DET,700,StrAll6535Vz_Income,ABSVz_Income,0.07
DET,701,StrAll6535Vz_Income,EMDVz_Income,0.02
DET,702,StrAll6535Vz_Income,Emu3ABndVz_Income,0.16
DET,703,StrAll6535Vz_Income,EurCreVz_Income,0.18
DET,704,StrAll6535Vz_Income,GTAAVz_Income,0.01
DET,705,StrAll6535Vz_Income,HypVz_Income,0.16
DET,706,StrAll6535Vz_Income,LDOVz_Income,0.03
DET,707,StrAll6535Vz_Income,PrivEqVz_Income,0.04
DET,708,StrAll6535Vz_Income,TKPCommodity_Income,0.03
DET,709,StrAll6535Vz_Income,VastgoedFd_Income,0.09
DET,710,StrAll6535Vz_Income,WorldXEqVz_Income,0.13
DET,711,StrAll6535Vz_Income,WrdHiYVz_Income,0.02
DET,712,StrAll6535Vz_Total,AbsRetVz_Total,0.07
DET,713,StrAll6535Vz_Total,ABSVz_Total,0.07
DET,714,StrAll6535Vz_Total,EMDVz_Total,0.02
DET,715,StrAll6535Vz_Total,Emu3ABndVz_Total,0.16
DET,716,StrAll6535Vz_Total,EurCreVz_Total,0.18
DET,717,StrAll6535Vz_Total,GTAAVz_Total,0.01
DET,718,StrAll6535Vz_Total,HypVz_Total,0.16
DET,719,StrAll6535Vz_Total,LDOVz_Total,0.03
DET,720,StrAll6535Vz_Total,PrivEqVz_Total,0.04
DET,721,StrAll6535Vz_Total,TKPCommodity_Total,0.03
DET,722,StrAll6535Vz_Total,VastgoedFd_Total,0.09
DET,723,StrAll6535Vz_Total,WorldXEqVz_Total,0.13
DET,724,StrAll6535Vz_Total,WrdHiYVz_Total,0.02
DET,725,StrAll7525Vz_Income,AbsRetVz_Income,0.05
DET,726,StrAll7525Vz_Income,ABSVz_Income,0.08
DET,727,StrAll7525Vz_Income,EMDVz_Income,0.02
DET,728,StrAll7525Vz_Income,Emu3ABndVz_Income,0.23
DET,729,StrAll7525Vz_Income,EurCreVz_Income,0.21
DET,730,StrAll7525Vz_Income,GTAAVz_Income,0.01
DET,731,StrAll7525Vz_Income,HypVz_Income,0.18
DET,732,StrAll7525Vz_Income,PrivEqVz_Income,0.03
DET,733,StrAll7525Vz_Income,TKPCommodity_Income,0.02
DET,734,StrAll7525Vz_Income,VastgoedFd_Income,0.06
DET,735,StrAll7525Vz_Income,WorldXEqVz_Income,0.09
DET,736,StrAll7525Vz_Income,WrdHiYVz_Income,0.02
DET,737,StrAll7525Vz_Total,AbsRetVz_Total,0.05
DET,738,StrAll7525Vz_Total,ABSVz_Total,0.08
DET,739,StrAll7525Vz_Total,EMDVz_Total,0.02
DET,740,StrAll7525Vz_Total,Emu3ABndVz_Total,0.23
DET,741,StrAll7525Vz_Total,EurCreVz_Total,0.21
DET,742,StrAll7525Vz_Total,GTAAVz_Total,0.01
DET,743,StrAll7525Vz_Total,HypVz_Total,0.18
DET,744,StrAll7525Vz_Total,PrivEqVz_Total,0.03
DET,745,StrAll7525Vz_Total,TKPCommodity_Total,0.02
DET,746,StrAll7525Vz_Total,VastgoedFd_Total,0.06
DET,747,StrAll7525Vz_Total,WorldXEqVz_Total,0.09
DET,748,StrAll7525Vz_Total,WrdHiYVz_Total,0.02
DET,749,StrAll8020Vz_Income,AbsRetVz_Income,0.04
DET,750,StrAll8020Vz_Income,ABSVz_Income,0.09
DET,751,StrAll8020Vz_Income,EMDVz_Income,0.02
DET,752,StrAll8020Vz_Income,Emu3ABndVz_Income,0.2
DET,753,StrAll8020Vz_Income,EurCreVz_Income,0.23
DET,754,StrAll8020Vz_Income,GTAAVz_Income,0.01
DET,755,StrAll8020Vz_Income,HypVz_Income,0.19
DET,756,StrAll8020Vz_Income,LDOVz_Income,0.04
DET,757,StrAll8020Vz_Income,PrivEqVz_Income,0.02
DET,758,StrAll8020Vz_Income,TKPCommodity_Income,0.01
DET,759,StrAll8020Vz_Income,VastgoedFd_Income,0.05
DET,760,StrAll8020Vz_Income,WorldXEqVz_Income,0.08
DET,761,StrAll8020Vz_Income,WrdHiYVz_Income,0.02
DET,762,StrAll8020Vz_Total,AbsRetVz_Total,0.04
DET,763,StrAll8020Vz_Total,ABSVz_Total,0.09
DET,764,StrAll8020Vz_Total,EMDVz_Total,0.02
DET,765,StrAll8020Vz_Total,Emu3ABndVz_Total,0.2
DET,766,StrAll8020Vz_Total,EurCreVz_Total,0.23
DET,767,StrAll8020Vz_Total,GTAAVz_Total,0.01
DET,768,StrAll8020Vz_Total,HypVz_Total,0.19
DET,769,StrAll8020Vz_Total,LDOVz_Total,0.04
DET,770,StrAll8020Vz_Total,PrivEqVz_Total,0.02
DET,771,StrAll8020Vz_Total,TKPCommodity_Total,0.01
DET,772,StrAll8020Vz_Total,VastgoedFd_Total,0.05
DET,773,StrAll8020Vz_Total,WorldXEqVz_Total,0.08
DET,774,StrAll8020Vz_Total,WrdHiYVz_Total,0.02
DET,775,StrAllEqVz_Income,AbsRetVz_Income,0.2
DET,776,StrAllEqVz_Income,GTAAVz_Income,0.04
DET,777,StrAllEqVz_Income,PrivEqVz_Income,0.11
DET,778,StrAllEqVz_Income,VastgoedFd_Income,0.24
DET,779,StrAllEqVz_Income,WorldXEqVz_Income,0.34
DET,780,StrAllEqVz_Income,WrdComVz_Income,0.07
DET,781,StrAllEqVz_Total,AbsRetVz_Total,0.2
DET,782,StrAllEqVz_Total,GTAAVz_Total,0.04
DET,783,StrAllEqVz_Total,PrivEqVz_Total,0.11
DET,784,StrAllEqVz_Total,VastgoedFd_Total,0.24
DET,785,StrAllEqVz_Total,WorldXEqVz_Total,0.34
DET,786,StrAllEqVz_Total,WrdComVz_Total,0.07
DET,787,StrAllFiLDVz_Income,ABSVz_Income,0.11
DET,788,StrAllFiLDVz_Income,EMDVz_Income,0.03
DET,789,StrAllFiLDVz_Income,Emu3ABndBVz_Income,0.21
DET,790,StrAllFiLDVz_Income,EurCreVzP_Income,0.28
DET,791,StrAllFiLDVz_Income,HypVz_Income,0.24
DET,792,StrAllFiLDVz_Income,LDOVz_Income,0.1
DET,793,StrAllFiLDVz_Income,TIROVz_Income,0.01
DET,794,StrAllFiLDVz_Income,WrdHiYVz_Income,0.03
DET,795,StrAllFiLDVz_Total,ABSVz_Total,0.11
DET,796,StrAllFiLDVz_Total,EMDVz_Total,0.03
DET,797,StrAllFiLDVz_Total,Emu3ABndBVz_Total,0.21
DET,798,StrAllFiLDVz_Total,EurCreVzP_Total,0.28
DET,799,StrAllFiLDVz_Total,HypVz_Total,0.24
DET,800,StrAllFiLDVz_Total,LDOVz_Total,0.1
DET,801,StrAllFiLDVz_Total,TIROVz_Total,0.01
DET,802,StrAllFiLDVz_Total,WrdHiYVz_Total,0.03
DET,803,StrAllFiVz_Income,ABSVz_Income,0.11
DET,804,StrAllFiVz_Income,EMDVz_Income,0.03
DET,805,StrAllFiVz_Income,Emu3ABndBVz_Income,0.31
DET,806,StrAllFiVz_Income,EurCreVzP_Income,0.28
DET,807,StrAllFiVz_Income,HypVz_Income,0.24
DET,808,StrAllFiVz_Income,TIROVz_Income,0.01
DET,809,StrAllFiVz_Income,WrdHiYVz_Income,0.03
DET,810,StrAllFiVz_Total,ABSVz_Total,0.11
DET,811,StrAllFiVz_Total,EMDVz_Total,0.03
DET,812,StrAllFiVz_Total,Emu3ABndBVz_Total,0.31
DET,813,StrAllFiVz_Total,EurCreVzP_Total,0.28
DET,814,StrAllFiVz_Total,HypVz_Total,0.24
DET,815,StrAllFiVz_Total,TIROVz_Total,0.01
DET,816,StrAllFiVz_Total,WrdHiYVz_Total,0.03
DET,817,Tektronix_hyp_Income,Emu3ABndVz_Income,0.56
DET,818,Tektronix_hyp_Income,EurCreVz_Income,0.12
DET,819,Tektronix_hyp_Income,HypVz_Income,0.12
DET,820,Tektronix_hyp_Income,WorldEqVz_Income,0.2
DET,821,Tektronix_hyp_Total,Emu3ABndVz_Total,0.56
DET,822,Tektronix_hyp_Total,EurCreVz_Total,0.12
DET,823,Tektronix_hyp_Total,HypVz_Total,0.12
DET,824,Tektronix_hyp_Total,WorldEqVz_Total,0.2
DET,825,TIROVv_Income,EurOblVvB_Income,1.0
DET,826,TIROVv_Total,EurOblVvB_Total,1.0
DET,827,TIROVz_Income,OblEurVzP_Income,1.0
DET,828,TIROVz_Total,OblEurVzP_Total,1.0
DET,829,TKPCommodity_Income,ComVz_Income,1.0
DET,830,TKPCommodity_Total,ComVz_Total,1.0
DET,831,TKPInflation_Income,VastgoedFd_Income,1.0
DET,832,TKPInflation_Total,VastgoedFd_Total,1.0
DET,833,TKPRealEstate_Income,VastgoedFd_Income,1.0
DET,834,TKPRealEstate_Total,VastgoedFd_Total,1.0
DET,835,TotalFina_hyp_Income,StrAllEqVz_Income,0.2
DET,836,TotalFina_hyp_Income,StrAllFiLDVz_Income,0.25
DET,837,TotalFina_hyp_Income,StrAllFiVz_Income,0.55
DET,838,TotalFina_hyp_Total,StrAllEqVz_Total,0.2
DET,839,TotalFina_hyp_Total,StrAllFiLDVz_Total,0.25
DET,840,TotalFina_hyp_Total,StrAllFiVz_Total,0.55
DET,841,Transavia_hyp_Income,ABSVz_Income,0.05
DET,842,Transavia_hyp_Income,EMDVz_Income,0.04
DET,843,Transavia_hyp_Income,Emu3ABndVz_Income,0.18
DET,844,Transavia_hyp_Income,EurCreVz_Income,0.19
DET,845,Transavia_hyp_Income,HypVz_Income,0.16
DET,846,Transavia_hyp_Income,LDOVz_Income,0.04
DET,847,Transavia_hyp_Income,VastgoedFd_Income,0.08
DET,848,Transavia_hyp_Income,WefiEqVz_Income,0.2
DET,849,Transavia_hyp_Income,WrdHiYVz_Income,0.03
DET,850,Transavia_hyp_Income,WrdComVz_Income,0.05
DET,851,Transavia_hyp_Total,ABSVz_Total,0.05
DET,852,Transavia_hyp_Total,EMDVz_Total,0.04
DET,853,Transavia_hyp_Total,Emu3ABndVz_Total,0.18
DET,854,Transavia_hyp_Total,EurCreVz_Total,0.19
DET,855,Transavia_hyp_Total,HypVz_Total,0.16
DET,856,Transavia_hyp_Total,LDOVz_Total,0.04
DET,857,Transavia_hyp_Total,VastgoedFd_Total,0.08
DET,858,Transavia_hyp_Total,WefiEqVz_Total,0.2
DET,859,Transavia_hyp_Total,WrdHiYVz_Total,0.03
DET,860,Transavia_hyp_Total,WrdComVz_Total,0.05
DET,861,VastgoedFd_Income,Real_Estate_Income,1.0
DET,862,VastgoedFd_Total,Real_Estate_Total,1.0
DET,863,VenneSluis_hyp_Income,Emu3ABndBVz_Income,0.79
DET,864,VenneSluis_hyp_Income,WorldEqVz_Income,0.2
DET,865,VenneSluis_hyp_Income,DepVz_Income,0.01
DET,866,VenneSluis_hyp_Total,Emu3ABndBVz_Total,0.79
DET,867,VenneSluis_hyp_Total,WorldEqVz_Total,0.2
DET,868,VenneSluis_hyp_Total,DepVz_Total,0.01
DET,869,VgIntRtVv_Income,VgReAndVvB_Income,1.0
DET,870,VgIntRtVv_Total,VgReAndVvB_Total,1.0
DET,871,VGMI_hyp_Income,AEGON_Cash_Total,1.0
DET,872,VGMI_hyp_Total,AEGON_Cash_Total,1.0
DET,873,VgReAndVvB_Income,WorldEqVz_Income,1.0
DET,874,VgReAndVvB_Total,WorldEqVz_Total,1.0
DET,875,VgReInsVv_Income,VgReAndVvB_Income,1.0
DET,876,VgReInsVv_Total,VgReAndVvB_Total,1.0
DET,877,VNAEquity_Income,WorldEqVz_Income,1.0
DET,878,VNAEquity_Total,WorldEqVz_Total,1.0
DET,879,VNAMijBel_Income,AbsRetVz_Income,0.05
DET,880,VNAMijBel_Income,AsiaEqVz_Income,0.02
DET,881,VNAMijBel_Income,Emu3ABndVz_Income,0.45
DET,882,VNAMijBel_Income,EuEqVz_Income,0.13
DET,883,VNAMijBel_Income,GTAAVz_Income,0.0
DET,884,VNAMijBel_Income,JapEqVz_Income,0.04
DET,885,VNAMijBel_Income,LamEqVz_Income,0.01
DET,886,VNAMijBel_Income,NamEqBVz_Income,0.2
DET,887,VNAMijBel_Income,PrivEqVz_Income,0.05
DET,888,VNAMijBel_Income,TKPCommodity_Income,0.05
DET,889,VNAMijBel_Income,VNAPassive_Income,0.0
DET,890,VNAMijBel_Total,AbsRetVz_Total,0.05
DET,891,VNAMijBel_Total,AsiaEqVz_Total,0.02
DET,892,VNAMijBel_Total,Emu3ABndVz_Total,0.45
DET,893,VNAMijBel_Total,EuEqVz_Total,0.13
DET,894,VNAMijBel_Total,GTAAVz_Total,0.0
DET,895,VNAMijBel_Total,JapEqVz_Total,0.04
DET,896,VNAMijBel_Total,LamEqVz_Total,0.01
DET,897,VNAMijBel_Total,NamEqBVz_Total,0.2
DET,898,VNAMijBel_Total,PrivEqVz_Total,0.05
DET,899,VNAMijBel_Total,TKPCommodity_Total,0.05
DET,900,VNAMijBel_Total,VNAPassive_Total,0.0
DET,901,VNAObl_Income,European_3A_Bonds_Income,1.0
DET,902,VNAObl_Total,European_3A_Bonds_Total,1.0
DET,903,VNAPassive_Income,European_3A_Bonds_Income,1.0
DET,904,VNAPassive_Total,European_3A_Bonds_Total,1.0
DET,905,WefiEqVz_Income,AsiaEqVz_Income,0.05
DET,906,WefiEqVz_Income,EmAsEqVz_Income,0.07
DET,907,WefiEqVz_Income,EmEurEqVz_Income,0.02
DET,908,WefiEqVz_Income,EuEqVz_Income,0.26
DET,909,WefiEqVz_Income,JapEqVz_Income,0.09
DET,910,WefiEqVz_Income,LamEqVz_Income,0.03
DET,911,WefiEqVz_Income,MeAfEqVz_Income,0.0
DET,912,WefiEqVz_Income,NamEqABVz_Income,0.48
DET,913,WefiEqVz_Total,AsiaEqVz_Total,0.05
DET,914,WefiEqVz_Total,EmAsEqVz_Total,0.07
DET,915,WefiEqVz_Total,EmEurEqVz_Total,0.02
DET,916,WefiEqVz_Total,EuEqVz_Total,0.26
DET,917,WefiEqVz_Total,JapEqVz_Total,0.09
DET,918,WefiEqVz_Total,LamEqVz_Total,0.03
DET,919,WefiEqVz_Total,MeAfEqVz_Total,0.0
DET,920,WefiEqVz_Total,NamEqABVz_Total,0.48
DET,921,WorldEqVz_Income,AsiaEqVz_Income,0.05
DET,922,WorldEqVz_Income,EmAsEqVz_Income,0.07
DET,923,WorldEqVz_Income,EmEurEqVz_Income,0.02
DET,924,WorldEqVz_Income,EuEqVz_Income,0.26
DET,925,WorldEqVz_Income,JapEqVz_Income,0.09
DET,926,WorldEqVz_Income,LamEqVz_Income,0.03
DET,927,WorldEqVz_Income,MeAfEqVz_Income,0.0
DET,928,WorldEqVz_Income,NamEqABVz_Income,0.48
DET,929,WorldEqVz_Total,AsiaEqVz_Total,0.05
DET,930,WorldEqVz_Total,EmAsEqVz_Total,0.07
DET,931,WorldEqVz_Total,EmEurEqVz_Total,0.02
DET,932,WorldEqVz_Total,EuEqVz_Total,0.26
DET,933,WorldEqVz_Total,JapEqVz_Total,0.09
DET,934,WorldEqVz_Total,LamEqVz_Total,0.03
DET,935,WorldEqVz_Total,MeAfEqVz_Total,0.0
DET,936,WorldEqVz_Total,NamEqABVz_Total,0.48
DET,937,WorldXEqVz_Income,WorldEqVz_Income,1.0
DET,938,WorldXEqVz_Total,WorldEqVz_Total,1.0
DET,939,WrdAndRtVv_Income,AsiaAndVvB_Income,0.03
DET,940,WrdAndRtVv_Income,EmAsVvB_Income,0.04
DET,941,WrdAndRtVv_Income,EuAndVvB_Income,0.5
DET,942,WrdAndRtVv_Income,JapAndVvB_Income,0.08
DET,943,WrdAndRtVv_Income,LamAndVvB_Income,0.01
DET,944,WrdAndRtVv_Income,NamAndVvB_Income,0.35
DET,945,WrdAndRtVv_Total,AsiaAndVvB_Total,0.03
DET,946,WrdAndRtVv_Total,EmAsVvB_Total,0.04
DET,947,WrdAndRtVv_Total,EuAndVvB_Total,0.5
DET,948,WrdAndRtVv_Total,JapAndVvB_Total,0.08
DET,949,WrdAndRtVv_Total,LamAndVvB_Total,0.01
DET,950,WrdAndRtVv_Total,NamAndVvB_Total,0.35
DET,951,WrdComVz_Income,Commodities_Income,1.0
DET,952,WrdComVz_Total,Commodities_Total,1.0
DET,953,WrdHiYInsVv_Income,EurHiYVvB_Income,0.3
DET,954,WrdHiYInsVv_Income,NamHiYVvB_Income,0.7
DET,955,WrdHiYInsVv_Total,EurHiYVvB_Total,0.3
DET,956,WrdHiYInsVv_Total,NamHiYVvB_Total,0.7
DET,957,WrdHiYVz_Income,EurHiYVzP_Income,0.3
DET,958,WrdHiYVz_Income,NamHiYVzP_Income,0.7
DET,959,WrdHiYVz_Total,EurHiYVzP_Total,0.3
DET,960,WrdHiYVz_Total,NamHiYVzP_Total,0.7
DET,961,WrdIndexVv_Income,WrdIndexVvB_Income,1.0
DET,962,WrdIndexVv_Total,WrdIndexVvB_Total,1.0
DET,963,WrdIndexVvB_Income,WorldEqVz_Income,1.0
DET,964,WrdIndexVvB_Total,WorldEqVz_Total,1.0
DET,965,WrdMixRtVv_Income,AsiaAndVvB_Income,0.01
DET,966,WrdMixRtVv_Income,EmAsVvB_Income,0.01
DET,967,WrdMixRtVv_Income,Emu3AObVvB_Income,0.55
DET,968,WrdMixRtVv_Income,EuAndVvB_Income,0.1
DET,969,WrdMixRtVv_Income,FutVrwVvB_Income,0.0
DET,970,WrdMixRtVv_Income,JapAndVvB_Income,0.02
DET,971,WrdMixRtVv_Income,LamAndVvB_Income,0.01
DET,972,WrdMixRtVv_Income,NamAndVvB_Income,0.2
DET,973,WrdMixRtVv_Income,VgReAndVvB_Income,0.05
DET,974,WrdMixRtVv_Income,WrdComVz_Income,0.05
DET,975,WrdMixRtVv_Total,AsiaAndVvB_Total,0.01
DET,976,WrdMixRtVv_Total,EmAsVvB_Total,0.01
DET,977,WrdMixRtVv_Total,Emu3AObVvB_Total,0.55
DET,978,WrdMixRtVv_Total,EuAndVvB_Total,0.1
DET,979,WrdMixRtVv_Total,FutVrwVvB_Total,0.0
DET,980,WrdMixRtVv_Total,JapAndVvB_Total,0.02
DET,981,WrdMixRtVv_Total,LamAndVvB_Total,0.01
DET,982,WrdMixRtVv_Total,NamAndVvB_Total,0.2
DET,983,WrdMixRtVv_Total,VgReAndVvB_Total,0.05
DET,984,WrdMixRtVv_Total,WrdComVz_Total,0.05
DET,985,WrdSriRtVv_Income,SriWrdInsVv_Income,1.0
DET,986,WrdSriRtVv_Total,SriWrdInsVv_Total,1.0
DET,987,10_YEAR_GOVERNMENT_AAA_Income,ESG.GenericBondPortfolios.Const10.IncomeYield,1.0
DET,988,10_YEAR_GOVERNMENT_AAA_Total,ESG.GenericBondPortfolios.Const10.TotalReturn,1.0
DET,989,2_YEAR_GOVERNMENT_AAA_Income,ESG.GenericBondPortfolios.Const3.IncomeYield,1.0
DET,990,2_YEAR_GOVERNMENT_AAA_Total,ESG.GenericBondPortfolios.Const3.TotalReturn,1.0
DET,991,30_YEAR_GOVERNMENT_AAA_Income,ESG.GenericBondPortfolios.Const15.IncomeYield,1.0
DET,992,30_YEAR_GOVERNMENT_AAA_Total,ESG.GenericBondPortfolios.Const15.TotalReturn,1.0
DET,993,5_YEAR_GOVERNMENT_AAA_Income,ESG.GenericBondPortfolios.Const5.IncomeYield,1.0
DET,994,5_YEAR_GOVERNMENT_AAA_Total,ESG.GenericBondPortfolios.Const5.TotalReturn,1.0
DET,995,Absolute_Return_Income,Equities_North_America_Income,1.0
DET,996,Absolute_Return_Total,Equities_North_America_Total,1.0
DET,997,AEGON_Cash_Total,BANKINGACCOUNT,1.0
DET,998,AEGON_Staatsleningen_Total,OverrenteVzINDEXTYPE,1.0
DET,999,Asset_Backed_Securities_Income,ESG.CompositePortfolios.ABS.IncomeYield,1.0
DET,1000,Asset_Backed_Securities_Total,ESG.CompositePortfolios.ABS.TotalReturn,1.0
DET,1001,Commodities_Income,ESG.EquityAssets.Commodities.TotalReturn,1.0
DET,1002,Commodities_Total,ESG.EquityAssets.Commodities.TotalReturn,1.0
DET,1003,Emerging_Markets_Income,ESG.CompositePortfolios.EmergingMarkets.IncomeYield,1.0
DET,1004,Emerging_Markets_Total,ESG.CompositePortfolios.EmergingMarkets.TotalReturn,1.0
DET,1005,Equities_Asia_Income,ESG.EquityAssets.Asia.TotalReturn,1.0
DET,1006,Equities_Asia_Total,ESG.EquityAssets.Asia.TotalReturn,1.0
DET,1007,Equities_Europe_Income,ESG.EquityAssets.Europe.TotalReturn,1.0
DET,1008,Equities_Europe_Total,ESG.EquityAssets.Europe.TotalReturn,1.0
DET,1009,Equities_North_America_Income,ESG.EquityAssets.NorthAmerica.TotalReturn,1.0
DET,1010,Equities_North_America_Total,ESG.EquityAssets.NorthAmerica.TotalReturn,1.0
DET,1011,European_3A_Bonds_Income,ESG.CompositePortfolios.Eur3ABonds.IncomeYield,1.0
DET,1012,European_3A_Bonds_Total,ESG.CompositePortfolios.Eur3ABonds.TotalReturn,1.0
DET,1013,European_Credits_Income,ESG.CompositePortfolios.EurCredits.IncomeYield,1.0
DET,1014,European_Credits_Total,ESG.CompositePortfolios.EurCredits.TotalReturn,1.0
DET,1015,High_Yield_Europe_Income,ESG.CompositePortfolios.HY-Europe.IncomeYield,1.0
DET,1016,High_Yield_Europe_Total,ESG.CompositePortfolios.HY-Europe.TotalReturn,1.0
DET,1017,High_Yield_North_America_Income,ESG.CompositePortfolios.HY-NorthAmerica.IncomeYield,1.0
DET,1018,High_Yield_North_America_Total,ESG.CompositePortfolios.HY-NorthAmerica.TotalReturn,1.0
DET,1019,LDO_Income,ESG.CompositePortfolios.LDO.IncomeYield,1.0
DET,1020,LDO_Total,ESG.CompositePortfolios.LDO.TotalReturn,1.0
DET,1021,Mortgages_Income,ESG.CompositePortfolios.Mortgages.IncomeYield,1.0
DET,1022,Mortgages_Total,ESG.CompositePortfolios.Mortgages.TotalReturn,1.0
DET,1023,Overrente_Total,OverrenteVzINDEXTYPE,1.0
DET,1024,Private_Equity_Income,ESG.EquityAssets.PrivateEquity.TotalReturn,1.0
DET,1025,Private_Equity_Total,ESG.EquityAssets.PrivateEquity.TotalReturn,1.0
DET,1026,Real_Estate_Income,ESG.EquityAssets.RealEstate.TotalReturn,1.0
DET,1027,Real_Estate_Total,ESG.EquityAssets.RealEstate.TotalReturn,1.0
DET,1028,Savings_4.5perc_Total,SAVINGS_ACCOUNT_4.5PERC,1.0
DET,1029,Savings_4perc_Total,SAVINGS_ACCOUNT_4PERC,1.0
DET,1030,Savings_5.5perc_Total,SAVINGS_ACCOUNT_5.5PERC,1.0
DET,1031,Savings_6perc_Total,SAVINGS_ACCOUNT_6PERC,1.0
DET,1032,WrdXComVz_Income,AEGON_Cash_Total,1.0
DET,1033,WrdXComVz_Total,AEGON_Cash_Total,1.0
DET,1034,MartinVlgOld_hyp_Income,AEGON_Cash_Total,1.0
DET,1035,MartinVlgOld_hyp_Total,AEGON_Cash_Total,1.0
DET,1036,BPRAF_hyp_Income,AEGON_Cash_Total,1.0
DET,1037,BPRAF_hyp_Total,AEGON_Cash_Total,1.0
DET,1038,KempenGlHgDiv_Income,AEGON_Cash_Total,1.0
DET,1039,KempenGlHgDiv_Total,AEGON_Cash_Total,1.0
DET,1040,KempenRESISFund_Income,AEGON_Cash_Total,1.0
DET,1041,KempenRESISFund_Total,AEGON_Cash_Total,1.0
DET,1042,PregCredits_hyp_Income,AEGON_Cash_Total,1.0
DET,1043,PregCredits_hyp_Total,AEGON_Cash_Total,1.0
DET,1044,PregStaat_hyp_Income,AEGON_Cash_Total,1.0
DET,1045,PregStaat_hyp_Total,AEGON_Cash_Total,1.0
DET,1046,TKPTopRealEst_Income,AEGON_Cash_Total,1.0
DET,1047,TKPTopRealEst_Total,AEGON_Cash_Total,1.0
DET,1048,TopTKPInflatn_Income,AEGON_Cash_Total,1.0
DET,1049,TopTKPInflatn_Total,AEGON_Cash_Total,1.0
DET,1050,World_(Developed)_Income,AEGON_Cash_Total,1.0
DET,1051,World_(Developed)_Total,AEGON_Cash_Total,1.0
DET,1052,World_(All_Emerging)_Income,AEGON_Cash_Total,1.0
DET,1053,World_(All_Emerging)_Total,AEGON_Cash_Total,1.0
DET,1054,EmuCoBndBVz_Income,Emu3ABndBVz_Income,1.0
DET,1055,EmuCoBndBVz_Total,Emu3ABndBVz_Total,1.0
DET,1056,EmuCoBndVz_Income,Emu3ABndVz_Income,1.0
DET,1057,EmuCoBndVz_Total,Emu3ABndVz_Total,1.0
FP,1,EquityVz_Total,ESG.Economies.EUR.NominalSpotRate(Govt._0.5),1.0
FP,2,MixVz_Total,ESG.Economies.EUR.NominalSpotRate(Govt._0.25),1.0
FP,3,RntVz_Total,ESG.Economies.EUR.NominalSpotRate(Govt._1),1.0
FP,4,AEGON_Staatsleningen_Total,ESG.Economies.EUR.NominalSpotRate(Govt._5),1.0
FP,5,EmAsEqVz_Total,ESG.COFspread,1.0
FP,6,EmEurEqVz_Total,ESG.COFspread,1.0
FP,7,GTAAVz_Total,ESG.COFspread,1.0
FP,8,AAAOVzP_Total,ESG.COFspread,1.0
FP,9,WorldComVz_Total,ESG.COFspread,1.0
FP,10,VastgoedFd_Total,ESG.COFspread,1.0
FP,11,WorldEqVz_Total,ESG.COFspread,1.0
FP,12,DepVz_Total,ESG.COFspread,1.0
FP,13,EuEqVz_Total,ESG.COFspread,1.0
FP,14,EmVz_Total,ESG.COFspread,1.0
FP,15,HolEqVz_Total,ESG.COFspread,1.0
FP,16,HypVz_Total,ESG.COFspread,1.0
FP,17,NamEqABVz_Total,ESG.COFspread,1.0
FP,18,PacEqVz_Total,ESG.COFspread,1.0
FP,19,GarCL95RtVv_Total,ESG.COFspread,1.0
FP,20,DepEurVvB_Total,ESG.COFspread,1.0
FP,21,OptEuVvB_Total,ESG.COFspread,1.0
KP,1,EquityVz_Total,ESG.Economies.EUR.NominalSpotRate(Govt._0.5),1.0
KP,2,MixVz_Total,ESG.Economies.EUR.NominalSpotRate(Govt._0.25),1.0
KP,3,RntVz_Total,ESG.Economies.EUR.NominalSpotRate(Govt._1),1.0
KP,4,AEGON_Staatsleningen_Total,ESG.Economies.EUR.NominalSpotRate(Govt._3),1.0
KP,5,EmAsEqVz_Total,ESG.COFspread,1.0
KP,6,EmEurEqVz_Total,ESG.COFspread,1.0
KP,7,GTAAVz_Total,ESG.COFspread,1.0
KP,8,AAAOVzP_Total,ESG.COFspread,1.0
KP,9,WorldComVz_Total,ESG.COFspread,1.0
KP,10,VastgoedFd_Total,ESG.COFspread,1.0
KP,11,WorldEqVz_Total,ESG.COFspread,1.0
KP,12,DepVz_Total,ESG.COFspread,1.0
KP,13,EuEqVz_Total,ESG.COFspread,1.0
KP,14,EmVz_Total,ESG.COFspread,1.0
KP,15,HolEqVz_Total,ESG.COFspread,1.0
KP,16,HypVz_Total,ESG.COFspread,1.0
KP,17,NamEqABVz_Total,ESG.COFspread,1.0
KP,18,PacEqVz_Total,ESG.COFspread,1.0
KP,19,GarCL95RtVv_Total,ESG.COFspread,1.0
KP,20,DepEurVvB_Total,ESG.COFspread,1.0
KP,21,OptEuVvB_Total,ESG.COFspread,1.0
OR,1,EquityVz_Total,ESG.Economies.EUR.NominalSpotRate(Govt._0.5),1.0
OR,2,MixVz_Total,ESG.Economies.EUR.NominalSpotRate(Govt._0.25),1.0
OR,3,RntVz_Total,ESG.Economies.EUR.NominalSpotRate(Govt._1),1.0
OR,4,AEGON_Staatsleningen_Total,ESG.Economies.EUR.NominalSpotRate(Govt._3),1.0
OR,5,EmAsEqVz_Total,ESG.COFspread,1.0
OR,6,EmEurEqVz_Total,ESG.COFspread,1.0
OR,7,GTAAVz_Total,ESG.COFspread,1.0
OR,8,AAAOVzP_Total,ESG.COFspread,1.0
OR,9,WorldComVz_Total,ESG.COFspread,1.0
OR,10,VastgoedFd_Total,ESG.COFspread,1.0
OR,11,WorldEqVz_Total,ESG.COFspread,1.0
OR,12,DepVz_Total,ESG.COFspread,1.0
OR,13,EuEqVz_Total,ESG.COFspread,1.0
OR,14,EmVz_Total,ESG.COFspread,1.0
OR,15,HolEqVz_Total,ESG.COFspread,1.0
OR,16,HypVz_Total,ESG.COFspread,1.0
OR,17,NamEqABVz_Total,ESG.COFspread,1.0
OR,18,PacEqVz_Total,ESG.COFspread,1.0
OR,19,GarCL95RtVv_Total,ESG.COFspread,1.0
OR,20,DepEurVvB_Total,ESG.COFspread,1.0
OR,21,OptEuVvB_Total,ESG.COFspread,1.0
SB,1,EquityVz_Total,ESG.Economies.EUR.NominalSpotRate(Govt._0.5),1.0
SB,2,MixVz_Total,ESG.Economies.EUR.NominalSpotRate(Govt._0.25),1.0
SB,3,RntVz_Total,ESG.Economies.EUR.NominalSpotRate(Govt._1),1.0
SB,4,AEGON_Staatsleningen_Total,ESG.Economies.EUR.NominalSpotRate(Govt._3),1.0
SB,5,EmAsEqVz_Total,ESG.COFspread,1.0
SB,6,EmEurEqVz_Total,ESG.COFspread,1.0
SB,7,GTAAVz_Total,ESG.COFspread,1.0
SB,8,AAAOVzP_Total,ESG.COFspread,1.0
SB,9,WorldComVz_Total,ESG.COFspread,1.0
SB,10,VastgoedFd_Total,ESG.COFspread,1.0
SB,11,WorldEqVz_Total,ESG.COFspread,1.0
SB,12,DepVz_Total,ESG.COFspread,1.0
SB,13,EuEqVz_Total,ESG.COFspread,1.0
SB,14,EmVz_Total,ESG.COFspread,1.0
SB,15,HolEqVz_Total,ESG.COFspread,1.0
SB,16,HypVz_Total,ESG.COFspread,1.0
SB,17,NamEqABVz_Total,ESG.COFspread,1.0
SB,18,PacEqVz_Total,ESG.COFspread,1.0
SB,19,GarCL95RtVv_Total,ESG.COFspread,1.0
SB,20,DepEurVvB_Total,ESG.COFspread,1.0
SB,21,OptEuVvB_Total,ESG.COFspread,1.0
UVL,1,EquityVz_Total,ESG.Economies.EUR.NominalSpotRate(Govt._0.5),1.0
UVL,2,MixVz_Total,ESG.Economies.EUR.NominalSpotRate(Govt._0.25),1.0
UVL,3,RntVz_Total,ESG.Economies.EUR.NominalSpotRate(Govt._1),1.0
UVL,4,AEGON_Staatsleningen_Total,ESG.Economies.EUR.NominalSpotRate(Govt._3),1.0
UVL,5,EmAsEqVz_Total,ESG.COFspread,1.0
UVL,6,EmEurEqVz_Total,ESG.COFspread,1.0
UVL,7,GTAAVz_Total,ESG.COFspread,1.0
UVL,8,AAAOVzP_Total,ESG.COFspread,1.0
UVL,9,WorldComVz_Total,ESG.COFspread,1.0
UVL,10,VastgoedFd_Total,ESG.COFspread,1.0
UVL,11,WorldEqVz_Total,ESG.COFspread,1.0
UVL,12,DepVz_Total,ESG.COFspread,1.0
UVL,13,EuEqVz_Total,ESG.COFspread,1.0
UVL,14,EmVz_Total,ESG.COFspread,1.0
UVL,15,HolEqVz_Total,ESG.COFspread,1.0
UVL,16,HypVz_Total,ESG.COFspread,1.0
UVL,17,NamEqABVz_Total,ESG.COFspread,1.0
UVL,18,PacEqVz_Total,ESG.COFspread,1.0
UVL,19,GarCL95RtVv_Total,ESG.COFspread,1.0
UVL,20,DepEurVvB_Total,ESG.COFspread,1.0
UVL,21,OptEuVvB_Total,ESG.COFspread,1.0
