prodboomcd,projection_year,value
AEGON_SPAARBEURS_a,0,0
AEGON_SPAARBEURS_a,1,0
AEGON_SPAARBEURS_a,2,0
AEGON_SPAARBEURS_a,3,0
AEGON_SPAARBEURS_a,4,0
AEGON_SPAARBEURS_a,5,0
AEGON_SPAARBEURS_a,6,0
AEGON_SPAARBEURS_a,7,0
AEGON_SPAARBEURS_a,8,0
AEGON_SPAARBEURS_a,9,0
AEGON_SPAARBEURS_a,10,0
AEGON_SPAARBEURS_a,11,0
AEGON_SPAARBEURS_b,0,0
AEGON_SPAARBEURS_b,1,0
AEGON_SPAARBEURS_b,2,0
AEGON_SPAARBEURS_b,3,0
AEGON_SPAARBEURS_b,4,0
AEGON_SPAARBEURS_b,5,0
AEGON_SPAARBEURS_b,6,0
AEGON_SPAARBEURS_b,7,0
AEGON_SPAARBEURS_b,8,0
AEGON_SPAARBEURS_b,9,0
AEGON_SPAARBEURS_b,10,0
AEGON_SPAARBEURS_b,11,0
AFP_KBL_a,0,0
AFP_KBL_a,1,0
AFP_KBL_a,2,0
AFP_KBL_a,3,0
AFP_KBL_a,4,0
AFP_KBL_a,5,0
AFP_KBL_a,6,0
AFP_KBL_a,7,0
AFP_KBL_a,8,0
AFP_KBL_a,9,0
AFP_KBL_a,10,0
AFP_KBL_a,11,0
AFP_KBL_b,0,0
AFP_KBL_b,1,0
AFP_KBL_b,2,0
AFP_KBL_b,3,0
AFP_KBL_b,4,0
AFP_KBL_b,5,0
AFP_KBL_b,6,0
AFP_KBL_b,7,0
AFP_KBL_b,8,0
AFP_KBL_b,9,0
AFP_KBL_b,10,0
AFP_KBL_b,11,0
AFP_KBO_a,0,0
AFP_KBO_a,1,0
AFP_KBO_a,2,0
AFP_KBO_a,3,0
AFP_KBO_a,4,0
AFP_KBO_a,5,0
AFP_KBO_a,6,0
AFP_KBO_a,7,0
AFP_KBO_a,8,0
AFP_KBO_a,9,0
AFP_KBO_a,10,0
AFP_KBO_a,11,0
AFP_KBO_b,0,0
AFP_KBO_b,1,0
AFP_KBO_b,2,0
AFP_KBO_b,3,0
AFP_KBO_b,4,0
AFP_KBO_b,5,0
AFP_KBO_b,6,0
AFP_KBO_b,7,0
AFP_KBO_b,8,0
AFP_KBO_b,9,0
AFP_KBO_b,10,0
AFP_KBO_b,11,0
AFP_LIJF_a,0,0
AFP_LIJF_a,1,0
AFP_LIJF_a,2,0
AFP_LIJF_a,3,0
AFP_LIJF_a,4,0
AFP_LIJF_a,5,0
AFP_LIJF_a,6,0
AFP_LIJF_a,7,0
AFP_LIJF_a,8,0
AFP_LIJF_a,9,0
AFP_LIJF_a,10,0
AFP_LIJF_a,11,0
AFP_LIJF_b,0,0
AFP_LIJF_b,1,0
AFP_LIJF_b,2,0
AFP_LIJF_b,3,0
AFP_LIJF_b,4,0
AFP_LIJF_b,5,0
AFP_LIJF_b,6,0
AFP_LIJF_b,7,0
AFP_LIJF_b,8,0
AFP_LIJF_b,9,0
AFP_LIJF_b,10,0
AFP_LIJF_b,11,0
ALH_KBL_a,0,0
ALH_KBL_a,1,0
ALH_KBL_a,2,0
ALH_KBL_a,3,0
ALH_KBL_a,4,0
ALH_KBL_a,5,0
ALH_KBL_a,6,0
ALH_KBL_a,7,0
ALH_KBL_a,8,0
ALH_KBL_a,9,0
ALH_KBL_a,10,0
ALH_KBL_a,11,0
ALH_KBL_b,0,0
ALH_KBL_b,1,0
ALH_KBL_b,2,0
ALH_KBL_b,3,0
ALH_KBL_b,4,0
ALH_KBL_b,5,0
ALH_KBL_b,6,0
ALH_KBL_b,7,0
ALH_KBL_b,8,0
ALH_KBL_b,9,0
ALH_KBL_b,10,0
ALH_KBL_b,11,0
ALH_KBO_a,0,0
ALH_KBO_a,1,0
ALH_KBO_a,2,0
ALH_KBO_a,3,0
ALH_KBO_a,4,0
ALH_KBO_a,5,0
ALH_KBO_a,6,0
ALH_KBO_a,7,0
ALH_KBO_a,8,0
ALH_KBO_a,9,0
ALH_KBO_a,10,0
ALH_KBO_a,11,0
ALH_KBO_b,0,0
ALH_KBO_b,1,0
ALH_KBO_b,2,0
ALH_KBO_b,3,0
ALH_KBO_b,4,0
ALH_KBO_b,5,0
ALH_KBO_b,6,0
ALH_KBO_b,7,0
ALH_KBO_b,8,0
ALH_KBO_b,9,0
ALH_KBO_b,10,0
ALH_KBO_b,11,0
AORV_Type1_KBL_a,0,0
AORV_Type1_KBL_a,1,0
AORV_Type1_KBL_a,2,0
AORV_Type1_KBL_a,3,0
AORV_Type1_KBL_a,4,0
AORV_Type1_KBL_a,5,0
AORV_Type1_KBL_a,6,0
AORV_Type1_KBL_a,7,0
AORV_Type1_KBL_a,8,0
AORV_Type1_KBL_a,9,0
AORV_Type1_KBL_a,10,0
AORV_Type1_KBL_a,11,0
AORV_Type1_KBL_b,0,0
AORV_Type1_KBL_b,1,0
AORV_Type1_KBL_b,2,0
AORV_Type1_KBL_b,3,0
AORV_Type1_KBL_b,4,0
AORV_Type1_KBL_b,5,0
AORV_Type1_KBL_b,6,0
AORV_Type1_KBL_b,7,0
AORV_Type1_KBL_b,8,0
AORV_Type1_KBL_b,9,0
AORV_Type1_KBL_b,10,0
AORV_Type1_KBL_b,11,0
AORV_Type1_KBO_a,0,0
AORV_Type1_KBO_a,1,0
AORV_Type1_KBO_a,2,0
AORV_Type1_KBO_a,3,0
AORV_Type1_KBO_a,4,0
AORV_Type1_KBO_a,5,0
AORV_Type1_KBO_a,6,0
AORV_Type1_KBO_a,7,0
AORV_Type1_KBO_a,8,0
AORV_Type1_KBO_a,9,0
AORV_Type1_KBO_a,10,0
AORV_Type1_KBO_a,11,0
AORV_Type1_KBO_b,0,0
AORV_Type1_KBO_b,1,0
AORV_Type1_KBO_b,2,0
AORV_Type1_KBO_b,3,0
AORV_Type1_KBO_b,4,0
AORV_Type1_KBO_b,5,0
AORV_Type1_KBO_b,6,0
AORV_Type1_KBO_b,7,0
AORV_Type1_KBO_b,8,0
AORV_Type1_KBO_b,9,0
AORV_Type1_KBO_b,10,0
AORV_Type1_KBO_b,11,0
AORV_Type1_LIJF_a,0,0
AORV_Type1_LIJF_a,1,0
AORV_Type1_LIJF_a,2,0
AORV_Type1_LIJF_a,3,0
AORV_Type1_LIJF_a,4,0
AORV_Type1_LIJF_a,5,0
AORV_Type1_LIJF_a,6,0
AORV_Type1_LIJF_a,7,0
AORV_Type1_LIJF_a,8,0
AORV_Type1_LIJF_a,9,0
AORV_Type1_LIJF_a,10,0
AORV_Type1_LIJF_a,11,0
AORV_Type1_LIJF_b,0,0
AORV_Type1_LIJF_b,1,0
AORV_Type1_LIJF_b,2,0
AORV_Type1_LIJF_b,3,0
AORV_Type1_LIJF_b,4,0
AORV_Type1_LIJF_b,5,0
AORV_Type1_LIJF_b,6,0
AORV_Type1_LIJF_b,7,0
AORV_Type1_LIJF_b,8,0
AORV_Type1_LIJF_b,9,0
AORV_Type1_LIJF_b,10,0
AORV_Type1_LIJF_b,11,0
AORV_Type2_KBL_a,0,0
AORV_Type2_KBL_a,1,0
AORV_Type2_KBL_a,2,0
AORV_Type2_KBL_a,3,0
AORV_Type2_KBL_a,4,0
AORV_Type2_KBL_a,5,0
AORV_Type2_KBL_a,6,0
AORV_Type2_KBL_a,7,0
AORV_Type2_KBL_a,8,0
AORV_Type2_KBL_a,9,0
AORV_Type2_KBL_a,10,0
AORV_Type2_KBL_a,11,0
AORV_Type2_KBL_b,0,0
AORV_Type2_KBL_b,1,0
AORV_Type2_KBL_b,2,0
AORV_Type2_KBL_b,3,0
AORV_Type2_KBL_b,4,0
AORV_Type2_KBL_b,5,0
AORV_Type2_KBL_b,6,0
AORV_Type2_KBL_b,7,0
AORV_Type2_KBL_b,8,0
AORV_Type2_KBL_b,9,0
AORV_Type2_KBL_b,10,0
AORV_Type2_KBL_b,11,0
AORV_Type2_KBO_a,0,0
AORV_Type2_KBO_a,1,0
AORV_Type2_KBO_a,2,0
AORV_Type2_KBO_a,3,0
AORV_Type2_KBO_a,4,0
AORV_Type2_KBO_a,5,0
AORV_Type2_KBO_a,6,0
AORV_Type2_KBO_a,7,0
AORV_Type2_KBO_a,8,0
AORV_Type2_KBO_a,9,0
AORV_Type2_KBO_a,10,0
AORV_Type2_KBO_a,11,0
AORV_Type2_KBO_b,0,0
AORV_Type2_KBO_b,1,0
AORV_Type2_KBO_b,2,0
AORV_Type2_KBO_b,3,0
AORV_Type2_KBO_b,4,0
AORV_Type2_KBO_b,5,0
AORV_Type2_KBO_b,6,0
AORV_Type2_KBO_b,7,0
AORV_Type2_KBO_b,8,0
AORV_Type2_KBO_b,9,0
AORV_Type2_KBO_b,10,0
AORV_Type2_KBO_b,11,0
AORV_Type2_LIJF_a,0,0
AORV_Type2_LIJF_a,1,0
AORV_Type2_LIJF_a,2,0
AORV_Type2_LIJF_a,3,0
AORV_Type2_LIJF_a,4,0
AORV_Type2_LIJF_a,5,0
AORV_Type2_LIJF_a,6,0
AORV_Type2_LIJF_a,7,0
AORV_Type2_LIJF_a,8,0
AORV_Type2_LIJF_a,9,0
AORV_Type2_LIJF_a,10,0
AORV_Type2_LIJF_a,11,0
AORV_Type2_LIJF_b,0,0
AORV_Type2_LIJF_b,1,0
AORV_Type2_LIJF_b,2,0
AORV_Type2_LIJF_b,3,0
AORV_Type2_LIJF_b,4,0
AORV_Type2_LIJF_b,5,0
AORV_Type2_LIJF_b,6,0
AORV_Type2_LIJF_b,7,0
AORV_Type2_LIJF_b,8,0
AORV_Type2_LIJF_b,9,0
AORV_Type2_LIJF_b,10,0
AORV_Type2_LIJF_b,11,0
AORV_Type3_KBL_a,0,0
AORV_Type3_KBL_a,1,0
AORV_Type3_KBL_a,2,0
AORV_Type3_KBL_a,3,0
AORV_Type3_KBL_a,4,0
AORV_Type3_KBL_a,5,0
AORV_Type3_KBL_a,6,0
AORV_Type3_KBL_a,7,0
AORV_Type3_KBL_a,8,0
AORV_Type3_KBL_a,9,0
AORV_Type3_KBL_a,10,0
AORV_Type3_KBL_a,11,0
AORV_Type3_KBL_b,0,0
AORV_Type3_KBL_b,1,0
AORV_Type3_KBL_b,2,0
AORV_Type3_KBL_b,3,0
AORV_Type3_KBL_b,4,0
AORV_Type3_KBL_b,5,0
AORV_Type3_KBL_b,6,0
AORV_Type3_KBL_b,7,0
AORV_Type3_KBL_b,8,0
AORV_Type3_KBL_b,9,0
AORV_Type3_KBL_b,10,0
AORV_Type3_KBL_b,11,0
AORV_Type3_KBO_a,0,0
AORV_Type3_KBO_a,1,0
AORV_Type3_KBO_a,2,0
AORV_Type3_KBO_a,3,0
AORV_Type3_KBO_a,4,0
AORV_Type3_KBO_a,5,0
AORV_Type3_KBO_a,6,0
AORV_Type3_KBO_a,7,0
AORV_Type3_KBO_a,8,0
AORV_Type3_KBO_a,9,0
AORV_Type3_KBO_a,10,0
AORV_Type3_KBO_a,11,0
AORV_Type3_KBO_b,0,0
AORV_Type3_KBO_b,1,0
AORV_Type3_KBO_b,2,0
AORV_Type3_KBO_b,3,0
AORV_Type3_KBO_b,4,0
AORV_Type3_KBO_b,5,0
AORV_Type3_KBO_b,6,0
AORV_Type3_KBO_b,7,0
AORV_Type3_KBO_b,8,0
AORV_Type3_KBO_b,9,0
AORV_Type3_KBO_b,10,0
AORV_Type3_KBO_b,11,0
AORV_Type3_LIJF_a,0,0
AORV_Type3_LIJF_a,1,0
AORV_Type3_LIJF_a,2,0
AORV_Type3_LIJF_a,3,0
AORV_Type3_LIJF_a,4,0
AORV_Type3_LIJF_a,5,0
AORV_Type3_LIJF_a,6,0
AORV_Type3_LIJF_a,7,0
AORV_Type3_LIJF_a,8,0
AORV_Type3_LIJF_a,9,0
AORV_Type3_LIJF_a,10,0
AORV_Type3_LIJF_a,11,0
AORV_Type3_LIJF_b,0,0
AORV_Type3_LIJF_b,1,0
AORV_Type3_LIJF_b,2,0
AORV_Type3_LIJF_b,3,0
AORV_Type3_LIJF_b,4,0
AORV_Type3_LIJF_b,5,0
AORV_Type3_LIJF_b,6,0
AORV_Type3_LIJF_b,7,0
AORV_Type3_LIJF_b,8,0
AORV_Type3_LIJF_b,9,0
AORV_Type3_LIJF_b,10,0
AORV_Type3_LIJF_b,11,0
AORV_Type4_KBL_a,0,0
AORV_Type4_KBL_a,1,0
AORV_Type4_KBL_a,2,0
AORV_Type4_KBL_a,3,0
AORV_Type4_KBL_a,4,0
AORV_Type4_KBL_a,5,0
AORV_Type4_KBL_a,6,0
AORV_Type4_KBL_a,7,0
AORV_Type4_KBL_a,8,0
AORV_Type4_KBL_a,9,0
AORV_Type4_KBL_a,10,0
AORV_Type4_KBL_a,11,0
AORV_Type4_KBL_b,0,0
AORV_Type4_KBL_b,1,0
AORV_Type4_KBL_b,2,0
AORV_Type4_KBL_b,3,0
AORV_Type4_KBL_b,4,0
AORV_Type4_KBL_b,5,0
AORV_Type4_KBL_b,6,0
AORV_Type4_KBL_b,7,0
AORV_Type4_KBL_b,8,0
AORV_Type4_KBL_b,9,0
AORV_Type4_KBL_b,10,0
AORV_Type4_KBL_b,11,0
AORV_Type4_KBO_a,0,0
AORV_Type4_KBO_a,1,0
AORV_Type4_KBO_a,2,0
AORV_Type4_KBO_a,3,0
AORV_Type4_KBO_a,4,0
AORV_Type4_KBO_a,5,0
AORV_Type4_KBO_a,6,0
AORV_Type4_KBO_a,7,0
AORV_Type4_KBO_a,8,0
AORV_Type4_KBO_a,9,0
AORV_Type4_KBO_a,10,0
AORV_Type4_KBO_a,11,0
AORV_Type4_KBO_b,0,0
AORV_Type4_KBO_b,1,0
AORV_Type4_KBO_b,2,0
AORV_Type4_KBO_b,3,0
AORV_Type4_KBO_b,4,0
AORV_Type4_KBO_b,5,0
AORV_Type4_KBO_b,6,0
AORV_Type4_KBO_b,7,0
AORV_Type4_KBO_b,8,0
AORV_Type4_KBO_b,9,0
AORV_Type4_KBO_b,10,0
AORV_Type4_KBO_b,11,0
AORV_Type4_LIJF_a,0,0
AORV_Type4_LIJF_a,1,0
AORV_Type4_LIJF_a,2,0
AORV_Type4_LIJF_a,3,0
AORV_Type4_LIJF_a,4,0
AORV_Type4_LIJF_a,5,0
AORV_Type4_LIJF_a,6,0
AORV_Type4_LIJF_a,7,0
AORV_Type4_LIJF_a,8,0
AORV_Type4_LIJF_a,9,0
AORV_Type4_LIJF_a,10,0
AORV_Type4_LIJF_a,11,0
AORV_Type4_LIJF_b,0,0
AORV_Type4_LIJF_b,1,0
AORV_Type4_LIJF_b,2,0
AORV_Type4_LIJF_b,3,0
AORV_Type4_LIJF_b,4,0
AORV_Type4_LIJF_b,5,0
AORV_Type4_LIJF_b,6,0
AORV_Type4_LIJF_b,7,0
AORV_Type4_LIJF_b,8,0
AORV_Type4_LIJF_b,9,0
AORV_Type4_LIJF_b,10,0
AORV_Type4_LIJF_b,11,0
ASH_KBL_a,0,0
ASH_KBL_a,1,0
ASH_KBL_a,2,0
ASH_KBL_a,3,0
ASH_KBL_a,4,0
ASH_KBL_a,5,0
ASH_KBL_a,6,0
ASH_KBL_a,7,0
ASH_KBL_a,8,0
ASH_KBL_a,9,0
ASH_KBL_a,10,0
ASH_KBL_a,11,0
ASH_KBL_b,0,0
ASH_KBL_b,1,0
ASH_KBL_b,2,0
ASH_KBL_b,3,0
ASH_KBL_b,4,0
ASH_KBL_b,5,0
ASH_KBL_b,6,0
ASH_KBL_b,7,0
ASH_KBL_b,8,0
ASH_KBL_b,9,0
ASH_KBL_b,10,0
ASH_KBL_b,11,0
ASH_KBO_a,0,0
ASH_KBO_a,1,0
ASH_KBO_a,2,0
ASH_KBO_a,3,0
ASH_KBO_a,4,0
ASH_KBO_a,5,0
ASH_KBO_a,6,0
ASH_KBO_a,7,0
ASH_KBO_a,8,0
ASH_KBO_a,9,0
ASH_KBO_a,10,0
ASH_KBO_a,11,0
ASH_KBO_b,0,0
ASH_KBO_b,1,0
ASH_KBO_b,2,0
ASH_KBO_b,3,0
ASH_KBO_b,4,0
ASH_KBO_b,5,0
ASH_KBO_b,6,0
ASH_KBO_b,7,0
ASH_KBO_b,8,0
ASH_KBO_b,9,0
ASH_KBO_b,10,0
ASH_KBO_b,11,0
ASH_LIJF_a,0,0
ASH_LIJF_a,1,0
ASH_LIJF_a,2,0
ASH_LIJF_a,3,0
ASH_LIJF_a,4,0
ASH_LIJF_a,5,0
ASH_LIJF_a,6,0
ASH_LIJF_a,7,0
ASH_LIJF_a,8,0
ASH_LIJF_a,9,0
ASH_LIJF_a,10,0
ASH_LIJF_a,11,0
ASH_LIJF_b,0,0
ASH_LIJF_b,1,0
ASH_LIJF_b,2,0
ASH_LIJF_b,3,0
ASH_LIJF_b,4,0
ASH_LIJF_b,5,0
ASH_LIJF_b,6,0
ASH_LIJF_b,7,0
ASH_LIJF_b,8,0
ASH_LIJF_b,9,0
ASH_LIJF_b,10,0
ASH_LIJF_b,11,0
AVN_KBL_a,0,0
AVN_KBL_a,1,0
AVN_KBL_a,2,0
AVN_KBL_a,3,0
AVN_KBL_a,4,0
AVN_KBL_a,5,0
AVN_KBL_a,6,0
AVN_KBL_a,7,0
AVN_KBL_a,8,0
AVN_KBL_a,9,0
AVN_KBL_a,10,0
AVN_KBL_a,11,0
AVN_KBL_b,0,0
AVN_KBL_b,1,0
AVN_KBL_b,2,0
AVN_KBL_b,3,0
AVN_KBL_b,4,0
AVN_KBL_b,5,0
AVN_KBL_b,6,0
AVN_KBL_b,7,0
AVN_KBL_b,8,0
AVN_KBL_b,9,0
AVN_KBL_b,10,0
AVN_KBL_b,11,0
AVN_KBO_a,0,0
AVN_KBO_a,1,0
AVN_KBO_a,2,0
AVN_KBO_a,3,0
AVN_KBO_a,4,0
AVN_KBO_a,5,0
AVN_KBO_a,6,0
AVN_KBO_a,7,0
AVN_KBO_a,8,0
AVN_KBO_a,9,0
AVN_KBO_a,10,0
AVN_KBO_a,11,0
AVN_KBO_b,0,0
AVN_KBO_b,1,0
AVN_KBO_b,2,0
AVN_KBO_b,3,0
AVN_KBO_b,4,0
AVN_KBO_b,5,0
AVN_KBO_b,6,0
AVN_KBO_b,7,0
AVN_KBO_b,8,0
AVN_KBO_b,9,0
AVN_KBO_b,10,0
AVN_KBO_b,11,0
BUDGETFOND_a,0,0
BUDGETFOND_a,1,0
BUDGETFOND_a,2,0
BUDGETFOND_a,3,0
BUDGETFOND_a,4,0
BUDGETFOND_a,5,0
BUDGETFOND_a,6,0
BUDGETFOND_a,7,0
BUDGETFOND_a,8,0
BUDGETFOND_a,9,0
BUDGETFOND_a,10,0
BUDGETFOND_a,11,0
BUDGETFOND_b,0,0
BUDGETFOND_b,1,0
BUDGETFOND_b,2,0
BUDGETFOND_b,3,0
BUDGETFOND_b,4,0
BUDGETFOND_b,5,0
BUDGETFOND_b,6,0
BUDGETFOND_b,7,0
BUDGETFOND_b,8,0
BUDGETFOND_b,9,0
BUDGETFOND_b,10,0
BUDGETFOND_b,11,0
DIL_a,0,0
DIL_a,1,0
DIL_a,2,0
DIL_a,3,0
DIL_a,4,0
DIL_a,5,0
DIL_a,6,0
DIL_a,7,0
DIL_a,8,0
DIL_a,9,0
DIL_a,10,0
DIL_a,11,0
DIL_b,0,0
DIL_b,1,0
DIL_b,2,0
DIL_b,3,0
DIL_b,4,0
DIL_b,5,0
DIL_b,6,0
DIL_b,7,0
DIL_b,8,0
DIL_b,9,0
DIL_b,10,0
DIL_b,11,0
FP_1_PP_a,0,0
FP_1_PP_a,1,0
FP_1_PP_a,2,0
FP_1_PP_a,3,0
FP_1_PP_a,4,0
FP_1_PP_a,5,0
FP_1_PP_a,6,0
FP_1_PP_a,7,0
FP_1_PP_a,8,0
FP_1_PP_a,9,0
FP_1_PP_a,10,0
FP_1_PP_a,11,0
FP_1_PP_b,0,0
FP_1_PP_b,1,0
FP_1_PP_b,2,0
FP_1_PP_b,3,0
FP_1_PP_b,4,0
FP_1_PP_b,5,0
FP_1_PP_b,6,0
FP_1_PP_b,7,0
FP_1_PP_b,8,0
FP_1_PP_b,9,0
FP_1_PP_b,10,0
FP_1_PP_b,11,0
FP_1_PUP_a,0,0
FP_1_PUP_a,1,0
FP_1_PUP_a,2,0
FP_1_PUP_a,3,0
FP_1_PUP_a,4,0
FP_1_PUP_a,5,0
FP_1_PUP_a,6,0
FP_1_PUP_a,7,0
FP_1_PUP_a,8,0
FP_1_PUP_a,9,0
FP_1_PUP_a,10,0
FP_1_PUP_a,11,0
FP_1_PUP_b,0,0
FP_1_PUP_b,1,0
FP_1_PUP_b,2,0
FP_1_PUP_b,3,0
FP_1_PUP_b,4,0
FP_1_PUP_b,5,0
FP_1_PUP_b,6,0
FP_1_PUP_b,7,0
FP_1_PUP_b,8,0
FP_1_PUP_b,9,0
FP_1_PUP_b,10,0
FP_1_PUP_b,11,0
FP_2_PP_a,0,0
FP_2_PP_a,1,0
FP_2_PP_a,2,0
FP_2_PP_a,3,0
FP_2_PP_a,4,0
FP_2_PP_a,5,0
FP_2_PP_a,6,0
FP_2_PP_a,7,0
FP_2_PP_a,8,0
FP_2_PP_a,9,0
FP_2_PP_a,10,0
FP_2_PP_a,11,0
FP_2_PP_b,0,0
FP_2_PP_b,1,0
FP_2_PP_b,2,0
FP_2_PP_b,3,0
FP_2_PP_b,4,0
FP_2_PP_b,5,0
FP_2_PP_b,6,0
FP_2_PP_b,7,0
FP_2_PP_b,8,0
FP_2_PP_b,9,0
FP_2_PP_b,10,0
FP_2_PP_b,11,0
FP_2_PUP_a,0,0
FP_2_PUP_a,1,0
FP_2_PUP_a,2,0
FP_2_PUP_a,3,0
FP_2_PUP_a,4,0
FP_2_PUP_a,5,0
FP_2_PUP_a,6,0
FP_2_PUP_a,7,0
FP_2_PUP_a,8,0
FP_2_PUP_a,9,0
FP_2_PUP_a,10,0
FP_2_PUP_a,11,0
FP_2_PUP_b,0,0
FP_2_PUP_b,1,0
FP_2_PUP_b,2,0
FP_2_PUP_b,3,0
FP_2_PUP_b,4,0
FP_2_PUP_b,5,0
FP_2_PUP_b,6,0
FP_2_PUP_b,7,0
FP_2_PUP_b,8,0
FP_2_PUP_b,9,0
FP_2_PUP_b,10,0
FP_2_PUP_b,11,0
FP_3_PP_a,0,0
FP_3_PP_a,1,0
FP_3_PP_a,2,0
FP_3_PP_a,3,0
FP_3_PP_a,4,0
FP_3_PP_a,5,0
FP_3_PP_a,6,0
FP_3_PP_a,7,0
FP_3_PP_a,8,0
FP_3_PP_a,9,0
FP_3_PP_a,10,0
FP_3_PP_a,11,0
FP_3_PP_b,0,0
FP_3_PP_b,1,0
FP_3_PP_b,2,0
FP_3_PP_b,3,0
FP_3_PP_b,4,0
FP_3_PP_b,5,0
FP_3_PP_b,6,0
FP_3_PP_b,7,0
FP_3_PP_b,8,0
FP_3_PP_b,9,0
FP_3_PP_b,10,0
FP_3_PP_b,11,0
FP_3_PUP_a,0,0
FP_3_PUP_a,1,0
FP_3_PUP_a,2,0
FP_3_PUP_a,3,0
FP_3_PUP_a,4,0
FP_3_PUP_a,5,0
FP_3_PUP_a,6,0
FP_3_PUP_a,7,0
FP_3_PUP_a,8,0
FP_3_PUP_a,9,0
FP_3_PUP_a,10,0
FP_3_PUP_a,11,0
FP_3_PUP_b,0,0
FP_3_PUP_b,1,0
FP_3_PUP_b,2,0
FP_3_PUP_b,3,0
FP_3_PUP_b,4,0
FP_3_PUP_b,5,0
FP_3_PUP_b,6,0
FP_3_PUP_b,7,0
FP_3_PUP_b,8,0
FP_3_PUP_b,9,0
FP_3_PUP_b,10,0
FP_3_PUP_b,11,0
KOERSPLAN_a,0,0
KOERSPLAN_a,1,0
KOERSPLAN_a,2,0
KOERSPLAN_a,3,0
KOERSPLAN_a,4,0
KOERSPLAN_a,5,0
KOERSPLAN_a,6,0
KOERSPLAN_a,7,0
KOERSPLAN_a,8,0
KOERSPLAN_a,9,0
KOERSPLAN_a,10,0
KOERSPLAN_a,11,0
KOERSPLAN_b,0,0
KOERSPLAN_b,1,0
KOERSPLAN_b,2,0
KOERSPLAN_b,3,0
KOERSPLAN_b,4,0
KOERSPLAN_b,5,0
KOERSPLAN_b,6,0
KOERSPLAN_b,7,0
KOERSPLAN_b,8,0
KOERSPLAN_b,9,0
KOERSPLAN_b,10,0
KOERSPLAN_b,11,0
LLH_KBL_a,0,0
LLH_KBL_a,1,0
LLH_KBL_a,2,0
LLH_KBL_a,3,0
LLH_KBL_a,4,0
LLH_KBL_a,5,0
LLH_KBL_a,6,0
LLH_KBL_a,7,0
LLH_KBL_a,8,0
LLH_KBL_a,9,0
LLH_KBL_a,10,0
LLH_KBL_a,11,0
LLH_KBL_b,0,0
LLH_KBL_b,1,0
LLH_KBL_b,2,0
LLH_KBL_b,3,0
LLH_KBL_b,4,0
LLH_KBL_b,5,0
LLH_KBL_b,6,0
LLH_KBL_b,7,0
LLH_KBL_b,8,0
LLH_KBL_b,9,0
LLH_KBL_b,10,0
LLH_KBL_b,11,0
LLH_KBO_a,0,0
LLH_KBO_a,1,0
LLH_KBO_a,2,0
LLH_KBO_a,3,0
LLH_KBO_a,4,0
LLH_KBO_a,5,0
LLH_KBO_a,6,0
LLH_KBO_a,7,0
LLH_KBO_a,8,0
LLH_KBO_a,9,0
LLH_KBO_a,10,0
LLH_KBO_a,11,0
LLH_KBO_b,0,0
LLH_KBO_b,1,0
LLH_KBO_b,2,0
LLH_KBO_b,3,0
LLH_KBO_b,4,0
LLH_KBO_b,5,0
LLH_KBO_b,6,0
LLH_KBO_b,7,0
LLH_KBO_b,8,0
LLH_KBO_b,9,0
LLH_KBO_b,10,0
LLH_KBO_b,11,0
LLI_LIJF_a,0,0
LLI_LIJF_a,1,0
LLI_LIJF_a,2,0
LLI_LIJF_a,3,0
LLI_LIJF_a,4,0
LLI_LIJF_a,5,0
LLI_LIJF_a,6,0
LLI_LIJF_a,7,0
LLI_LIJF_a,8,0
LLI_LIJF_a,9,0
LLI_LIJF_a,10,0
LLI_LIJF_a,11,0
LLI_LIJF_b,0,0
LLI_LIJF_b,1,0
LLI_LIJF_b,2,0
LLI_LIJF_b,3,0
LLI_LIJF_b,4,0
LLI_LIJF_b,5,0
LLI_LIJF_b,6,0
LLI_LIJF_b,7,0
LLI_LIJF_b,8,0
LLI_LIJF_b,9,0
LLI_LIJF_b,10,0
LLI_LIJF_b,11,0
LLJ_KBL_a,0,0
LLJ_KBL_a,1,0
LLJ_KBL_a,2,0
LLJ_KBL_a,3,0
LLJ_KBL_a,4,0
LLJ_KBL_a,5,0
LLJ_KBL_a,6,0
LLJ_KBL_a,7,0
LLJ_KBL_a,8,0
LLJ_KBL_a,9,0
LLJ_KBL_a,10,0
LLJ_KBL_a,11,0
LLJ_KBL_b,0,0
LLJ_KBL_b,1,0
LLJ_KBL_b,2,0
LLJ_KBL_b,3,0
LLJ_KBL_b,4,0
LLJ_KBL_b,5,0
LLJ_KBL_b,6,0
LLJ_KBL_b,7,0
LLJ_KBL_b,8,0
LLJ_KBL_b,9,0
LLJ_KBL_b,10,0
LLJ_KBL_b,11,0
LLJ_KBO_a,0,0
LLJ_KBO_a,1,0
LLJ_KBO_a,2,0
LLJ_KBO_a,3,0
LLJ_KBO_a,4,0
LLJ_KBO_a,5,0
LLJ_KBO_a,6,0
LLJ_KBO_a,7,0
LLJ_KBO_a,8,0
LLJ_KBO_a,9,0
LLJ_KBO_a,10,0
LLJ_KBO_a,11,0
LLJ_KBO_b,0,0
LLJ_KBO_b,1,0
LLJ_KBO_b,2,0
LLJ_KBO_b,3,0
LLJ_KBO_b,4,0
LLJ_KBO_b,5,0
LLJ_KBO_b,6,0
LLJ_KBO_b,7,0
LLJ_KBO_b,8,0
LLJ_KBO_b,9,0
LLJ_KBO_b,10,0
LLJ_KBO_b,11,0
LLK_KBL_a,0,0
LLK_KBL_a,1,0
LLK_KBL_a,2,0
LLK_KBL_a,3,0
LLK_KBL_a,4,0
LLK_KBL_a,5,0
LLK_KBL_a,6,0
LLK_KBL_a,7,0
LLK_KBL_a,8,0
LLK_KBL_a,9,0
LLK_KBL_a,10,0
LLK_KBL_a,11,0
LLK_KBL_b,0,0
LLK_KBL_b,1,0
LLK_KBL_b,2,0
LLK_KBL_b,3,0
LLK_KBL_b,4,0
LLK_KBL_b,5,0
LLK_KBL_b,6,0
LLK_KBL_b,7,0
LLK_KBL_b,8,0
LLK_KBL_b,9,0
LLK_KBL_b,10,0
LLK_KBL_b,11,0
LLK_KBO_a,0,0
LLK_KBO_a,1,0
LLK_KBO_a,2,0
LLK_KBO_a,3,0
LLK_KBO_a,4,0
LLK_KBO_a,5,0
LLK_KBO_a,6,0
LLK_KBO_a,7,0
LLK_KBO_a,8,0
LLK_KBO_a,9,0
LLK_KBO_a,10,0
LLK_KBO_a,11,0
LLK_KBO_b,0,0
LLK_KBO_b,1,0
LLK_KBO_b,2,0
LLK_KBO_b,3,0
LLK_KBO_b,4,0
LLK_KBO_b,5,0
LLK_KBO_b,6,0
LLK_KBO_b,7,0
LLK_KBO_b,8,0
LLK_KBO_b,9,0
LLK_KBO_b,10,0
LLK_KBO_b,11,0
LLP_KBL_a,0,0
LLP_KBL_a,1,0
LLP_KBL_a,2,0
LLP_KBL_a,3,0
LLP_KBL_a,4,0
LLP_KBL_a,5,0
LLP_KBL_a,6,0
LLP_KBL_a,7,0
LLP_KBL_a,8,0
LLP_KBL_a,9,0
LLP_KBL_a,10,0
LLP_KBL_a,11,0
LLP_KBL_b,0,0
LLP_KBL_b,1,0
LLP_KBL_b,2,0
LLP_KBL_b,3,0
LLP_KBL_b,4,0
LLP_KBL_b,5,0
LLP_KBL_b,6,0
LLP_KBL_b,7,0
LLP_KBL_b,8,0
LLP_KBL_b,9,0
LLP_KBL_b,10,0
LLP_KBL_b,11,0
LLP_KBO_a,0,0
LLP_KBO_a,1,0
LLP_KBO_a,2,0
LLP_KBO_a,3,0
LLP_KBO_a,4,0
LLP_KBO_a,5,0
LLP_KBO_a,6,0
LLP_KBO_a,7,0
LLP_KBO_a,8,0
LLP_KBO_a,9,0
LLP_KBO_a,10,0
LLP_KBO_a,11,0
LLP_KBO_b,0,0
LLP_KBO_b,1,0
LLP_KBO_b,2,0
LLP_KBO_b,3,0
LLP_KBO_b,4,0
LLP_KBO_b,5,0
LLP_KBO_b,6,0
LLP_KBO_b,7,0
LLP_KBO_b,8,0
LLP_KBO_b,9,0
LLP_KBO_b,10,0
LLP_KBO_b,11,0
LLV_KBL_a,0,0
LLV_KBL_a,1,0
LLV_KBL_a,2,0
LLV_KBL_a,3,0
LLV_KBL_a,4,0
LLV_KBL_a,5,0
LLV_KBL_a,6,0
LLV_KBL_a,7,0
LLV_KBL_a,8,0
LLV_KBL_a,9,0
LLV_KBL_a,10,0
LLV_KBL_a,11,0
LLV_KBL_b,0,0
LLV_KBL_b,1,0
LLV_KBL_b,2,0
LLV_KBL_b,3,0
LLV_KBL_b,4,0
LLV_KBL_b,5,0
LLV_KBL_b,6,0
LLV_KBL_b,7,0
LLV_KBL_b,8,0
LLV_KBL_b,9,0
LLV_KBL_b,10,0
LLV_KBL_b,11,0
LLV_KBO_a,0,0
LLV_KBO_a,1,0
LLV_KBO_a,2,0
LLV_KBO_a,3,0
LLV_KBO_a,4,0
LLV_KBO_a,5,0
LLV_KBO_a,6,0
LLV_KBO_a,7,0
LLV_KBO_a,8,0
LLV_KBO_a,9,0
LLV_KBO_a,10,0
LLV_KBO_a,11,0
LLV_KBO_b,0,0
LLV_KBO_b,1,0
LLV_KBO_b,2,0
LLV_KBO_b,3,0
LLV_KBO_b,4,0
LLV_KBO_b,5,0
LLV_KBO_b,6,0
LLV_KBO_b,7,0
LLV_KBO_b,8,0
LLV_KBO_b,9,0
LLV_KBO_b,10,0
LLV_KBO_b,11,0
LLW_KBL_a,0,0
LLW_KBL_a,1,0
LLW_KBL_a,2,0
LLW_KBL_a,3,0
LLW_KBL_a,4,0
LLW_KBL_a,5,0
LLW_KBL_a,6,0
LLW_KBL_a,7,0
LLW_KBL_a,8,0
LLW_KBL_a,9,0
LLW_KBL_a,10,0
LLW_KBL_a,11,0
LLW_KBL_b,0,0
LLW_KBL_b,1,0
LLW_KBL_b,2,0
LLW_KBL_b,3,0
LLW_KBL_b,4,0
LLW_KBL_b,5,0
LLW_KBL_b,6,0
LLW_KBL_b,7,0
LLW_KBL_b,8,0
LLW_KBL_b,9,0
LLW_KBL_b,10,0
LLW_KBL_b,11,0
LLW_KBO_a,0,0
LLW_KBO_a,1,0
LLW_KBO_a,2,0
LLW_KBO_a,3,0
LLW_KBO_a,4,0
LLW_KBO_a,5,0
LLW_KBO_a,6,0
LLW_KBO_a,7,0
LLW_KBO_a,8,0
LLW_KBO_a,9,0
LLW_KBO_a,10,0
LLW_KBO_a,11,0
LLW_KBO_b,0,0
LLW_KBO_b,1,0
LLW_KBO_b,2,0
LLW_KBO_b,3,0
LLW_KBO_b,4,0
LLW_KBO_b,5,0
LLW_KBO_b,6,0
LLW_KBO_b,7,0
LLW_KBO_b,8,0
LLW_KBO_b,9,0
LLW_KBO_b,10,0
LLW_KBO_b,11,0
MM_CP_KBL_a,0,0
MM_CP_KBL_a,1,0
MM_CP_KBL_a,2,0
MM_CP_KBL_a,3,0
MM_CP_KBL_a,4,0
MM_CP_KBL_a,5,0
MM_CP_KBL_a,6,0
MM_CP_KBL_a,7,0
MM_CP_KBL_a,8,0
MM_CP_KBL_a,9,0
MM_CP_KBL_a,10,0
MM_CP_KBL_a,11,0
MM_CP_KBL_b,0,0
MM_CP_KBL_b,1,0
MM_CP_KBL_b,2,0
MM_CP_KBL_b,3,0
MM_CP_KBL_b,4,0
MM_CP_KBL_b,5,0
MM_CP_KBL_b,6,0
MM_CP_KBL_b,7,0
MM_CP_KBL_b,8,0
MM_CP_KBL_b,9,0
MM_CP_KBL_b,10,0
MM_CP_KBL_b,11,0
MM_CP_KBO_a,0,0
MM_CP_KBO_a,1,0
MM_CP_KBO_a,2,0
MM_CP_KBO_a,3,0
MM_CP_KBO_a,4,0
MM_CP_KBO_a,5,0
MM_CP_KBO_a,6,0
MM_CP_KBO_a,7,0
MM_CP_KBO_a,8,0
MM_CP_KBO_a,9,0
MM_CP_KBO_a,10,0
MM_CP_KBO_a,11,0
MM_CP_KBO_b,0,0
MM_CP_KBO_b,1,0
MM_CP_KBO_b,2,0
MM_CP_KBO_b,3,0
MM_CP_KBO_b,4,0
MM_CP_KBO_b,5,0
MM_CP_KBO_b,6,0
MM_CP_KBO_b,7,0
MM_CP_KBO_b,8,0
MM_CP_KBO_b,9,0
MM_CP_KBO_b,10,0
MM_CP_KBO_b,11,0
MM_EP_KBL_a,0,0
MM_EP_KBL_a,1,0
MM_EP_KBL_a,2,0
MM_EP_KBL_a,3,0
MM_EP_KBL_a,4,0
MM_EP_KBL_a,5,0
MM_EP_KBL_a,6,0
MM_EP_KBL_a,7,0
MM_EP_KBL_a,8,0
MM_EP_KBL_a,9,0
MM_EP_KBL_a,10,0
MM_EP_KBL_a,11,0
MM_EP_KBL_b,0,0
MM_EP_KBL_b,1,0
MM_EP_KBL_b,2,0
MM_EP_KBL_b,3,0
MM_EP_KBL_b,4,0
MM_EP_KBL_b,5,0
MM_EP_KBL_b,6,0
MM_EP_KBL_b,7,0
MM_EP_KBL_b,8,0
MM_EP_KBL_b,9,0
MM_EP_KBL_b,10,0
MM_EP_KBL_b,11,0
MM_EP_KBO_a,0,0
MM_EP_KBO_a,1,0
MM_EP_KBO_a,2,0
MM_EP_KBO_a,3,0
MM_EP_KBO_a,4,0
MM_EP_KBO_a,5,0
MM_EP_KBO_a,6,0
MM_EP_KBO_a,7,0
MM_EP_KBO_a,8,0
MM_EP_KBO_a,9,0
MM_EP_KBO_a,10,0
MM_EP_KBO_a,11,0
MM_EP_KBO_b,0,0
MM_EP_KBO_b,1,0
MM_EP_KBO_b,2,0
MM_EP_KBO_b,3,0
MM_EP_KBO_b,4,0
MM_EP_KBO_b,5,0
MM_EP_KBO_b,6,0
MM_EP_KBO_b,7,0
MM_EP_KBO_b,8,0
MM_EP_KBO_b,9,0
MM_EP_KBO_b,10,0
MM_EP_KBO_b,11,0
MM_KP_KBL_a,0,0
MM_KP_KBL_a,1,0
MM_KP_KBL_a,2,0
MM_KP_KBL_a,3,0
MM_KP_KBL_a,4,0
MM_KP_KBL_a,5,0
MM_KP_KBL_a,6,0
MM_KP_KBL_a,7,0
MM_KP_KBL_a,8,0
MM_KP_KBL_a,9,0
MM_KP_KBL_a,10,0
MM_KP_KBL_a,11,0
MM_KP_KBL_b,0,0
MM_KP_KBL_b,1,0
MM_KP_KBL_b,2,0
MM_KP_KBL_b,3,0
MM_KP_KBL_b,4,0
MM_KP_KBL_b,5,0
MM_KP_KBL_b,6,0
MM_KP_KBL_b,7,0
MM_KP_KBL_b,8,0
MM_KP_KBL_b,9,0
MM_KP_KBL_b,10,0
MM_KP_KBL_b,11,0
MM_KP_KBO_a,0,0
MM_KP_KBO_a,1,0
MM_KP_KBO_a,2,0
MM_KP_KBO_a,3,0
MM_KP_KBO_a,4,0
MM_KP_KBO_a,5,0
MM_KP_KBO_a,6,0
MM_KP_KBO_a,7,0
MM_KP_KBO_a,8,0
MM_KP_KBO_a,9,0
MM_KP_KBO_a,10,0
MM_KP_KBO_a,11,0
MM_KP_KBO_b,0,0
MM_KP_KBO_b,1,0
MM_KP_KBO_b,2,0
MM_KP_KBO_b,3,0
MM_KP_KBO_b,4,0
MM_KP_KBO_b,5,0
MM_KP_KBO_b,6,0
MM_KP_KBO_b,7,0
MM_KP_KBO_b,8,0
MM_KP_KBO_b,9,0
MM_KP_KBO_b,10,0
MM_KP_KBO_b,11,0
OR_1_PP_a,0,0
OR_1_PP_a,1,0
OR_1_PP_a,2,0
OR_1_PP_a,3,0
OR_1_PP_a,4,0
OR_1_PP_a,5,0
OR_1_PP_a,6,0
OR_1_PP_a,7,0
OR_1_PP_a,8,0
OR_1_PP_a,9,0
OR_1_PP_a,10,0
OR_1_PP_a,11,0
OR_1_PP_b,0,0
OR_1_PP_b,1,0
OR_1_PP_b,2,0
OR_1_PP_b,3,0
OR_1_PP_b,4,0
OR_1_PP_b,5,0
OR_1_PP_b,6,0
OR_1_PP_b,7,0
OR_1_PP_b,8,0
OR_1_PP_b,9,0
OR_1_PP_b,10,0
OR_1_PP_b,11,0
OR_1_PUP_a,0,0
OR_1_PUP_a,1,0
OR_1_PUP_a,2,0
OR_1_PUP_a,3,0
OR_1_PUP_a,4,0
OR_1_PUP_a,5,0
OR_1_PUP_a,6,0
OR_1_PUP_a,7,0
OR_1_PUP_a,8,0
OR_1_PUP_a,9,0
OR_1_PUP_a,10,0
OR_1_PUP_a,11,0
OR_1_PUP_b,0,0
OR_1_PUP_b,1,0
OR_1_PUP_b,2,0
OR_1_PUP_b,3,0
OR_1_PUP_b,4,0
OR_1_PUP_b,5,0
OR_1_PUP_b,6,0
OR_1_PUP_b,7,0
OR_1_PUP_b,8,0
OR_1_PUP_b,9,0
OR_1_PUP_b,10,0
OR_1_PUP_b,11,0
OR_2_PP_a,0,0
OR_2_PP_a,1,0
OR_2_PP_a,2,0
OR_2_PP_a,3,0
OR_2_PP_a,4,0
OR_2_PP_a,5,0
OR_2_PP_a,6,0
OR_2_PP_a,7,0
OR_2_PP_a,8,0
OR_2_PP_a,9,0
OR_2_PP_a,10,0
OR_2_PP_a,11,0
OR_2_PP_b,0,0
OR_2_PP_b,1,0
OR_2_PP_b,2,0
OR_2_PP_b,3,0
OR_2_PP_b,4,0
OR_2_PP_b,5,0
OR_2_PP_b,6,0
OR_2_PP_b,7,0
OR_2_PP_b,8,0
OR_2_PP_b,9,0
OR_2_PP_b,10,0
OR_2_PP_b,11,0
OR_2_PUP_a,0,0
OR_2_PUP_a,1,0
OR_2_PUP_a,2,0
OR_2_PUP_a,3,0
OR_2_PUP_a,4,0
OR_2_PUP_a,5,0
OR_2_PUP_a,6,0
OR_2_PUP_a,7,0
OR_2_PUP_a,8,0
OR_2_PUP_a,9,0
OR_2_PUP_a,10,0
OR_2_PUP_a,11,0
OR_2_PUP_b,0,0
OR_2_PUP_b,1,0
OR_2_PUP_b,2,0
OR_2_PUP_b,3,0
OR_2_PUP_b,4,0
OR_2_PUP_b,5,0
OR_2_PUP_b,6,0
OR_2_PUP_b,7,0
OR_2_PUP_b,8,0
OR_2_PUP_b,9,0
OR_2_PUP_b,10,0
OR_2_PUP_b,11,0
OR_3_PP_a,0,0
OR_3_PP_a,1,0
OR_3_PP_a,2,0
OR_3_PP_a,3,0
OR_3_PP_a,4,0
OR_3_PP_a,5,0
OR_3_PP_a,6,0
OR_3_PP_a,7,0
OR_3_PP_a,8,0
OR_3_PP_a,9,0
OR_3_PP_a,10,0
OR_3_PP_a,11,0
OR_3_PP_b,0,0
OR_3_PP_b,1,0
OR_3_PP_b,2,0
OR_3_PP_b,3,0
OR_3_PP_b,4,0
OR_3_PP_b,5,0
OR_3_PP_b,6,0
OR_3_PP_b,7,0
OR_3_PP_b,8,0
OR_3_PP_b,9,0
OR_3_PP_b,10,0
OR_3_PP_b,11,0
OR_3_PUP_a,0,0
OR_3_PUP_a,1,0
OR_3_PUP_a,2,0
OR_3_PUP_a,3,0
OR_3_PUP_a,4,0
OR_3_PUP_a,5,0
OR_3_PUP_a,6,0
OR_3_PUP_a,7,0
OR_3_PUP_a,8,0
OR_3_PUP_a,9,0
OR_3_PUP_a,10,0
OR_3_PUP_a,11,0
OR_3_PUP_b,0,0
OR_3_PUP_b,1,0
OR_3_PUP_b,2,0
OR_3_PUP_b,3,0
OR_3_PUP_b,4,0
OR_3_PUP_b,5,0
OR_3_PUP_b,6,0
OR_3_PUP_b,7,0
OR_3_PUP_b,8,0
OR_3_PUP_b,9,0
OR_3_PUP_b,10,0
OR_3_PUP_b,11,0
PENCOM_KBL_a,0,0
PENCOM_KBL_a,1,0
PENCOM_KBL_a,2,0
PENCOM_KBL_a,3,0
PENCOM_KBL_a,4,0
PENCOM_KBL_a,5,0
PENCOM_KBL_a,6,0
PENCOM_KBL_a,7,0
PENCOM_KBL_a,8,0
PENCOM_KBL_a,9,0
PENCOM_KBL_a,10,0
PENCOM_KBL_a,11,0
PENCOM_KBL_b,0,0
PENCOM_KBL_b,1,0
PENCOM_KBL_b,2,0
PENCOM_KBL_b,3,0
PENCOM_KBL_b,4,0
PENCOM_KBL_b,5,0
PENCOM_KBL_b,6,0
PENCOM_KBL_b,7,0
PENCOM_KBL_b,8,0
PENCOM_KBL_b,9,0
PENCOM_KBL_b,10,0
PENCOM_KBL_b,11,0
PENCOM_KBO_a,0,0
PENCOM_KBO_a,1,0
PENCOM_KBO_a,2,0
PENCOM_KBO_a,3,0
PENCOM_KBO_a,4,0
PENCOM_KBO_a,5,0
PENCOM_KBO_a,6,0
PENCOM_KBO_a,7,0
PENCOM_KBO_a,8,0
PENCOM_KBO_a,9,0
PENCOM_KBO_a,10,0
PENCOM_KBO_a,11,0
PENCOM_KBO_b,0,0
PENCOM_KBO_b,1,0
PENCOM_KBO_b,2,0
PENCOM_KBO_b,3,0
PENCOM_KBO_b,4,0
PENCOM_KBO_b,5,0
PENCOM_KBO_b,6,0
PENCOM_KBO_b,7,0
PENCOM_KBO_b,8,0
PENCOM_KBO_b,9,0
PENCOM_KBO_b,10,0
PENCOM_KBO_b,11,0
PENCOM_LIJF_a,0,0
PENCOM_LIJF_a,1,0
PENCOM_LIJF_a,2,0
PENCOM_LIJF_a,3,0
PENCOM_LIJF_a,4,0
PENCOM_LIJF_a,5,0
PENCOM_LIJF_a,6,0
PENCOM_LIJF_a,7,0
PENCOM_LIJF_a,8,0
PENCOM_LIJF_a,9,0
PENCOM_LIJF_a,10,0
PENCOM_LIJF_a,11,0
PENCOM_LIJF_b,0,0
PENCOM_LIJF_b,1,0
PENCOM_LIJF_b,2,0
PENCOM_LIJF_b,3,0
PENCOM_LIJF_b,4,0
PENCOM_LIJF_b,5,0
PENCOM_LIJF_b,6,0
PENCOM_LIJF_b,7,0
PENCOM_LIJF_b,8,0
PENCOM_LIJF_b,9,0
PENCOM_LIJF_b,10,0
PENCOM_LIJF_b,11,0
PLUSFOND_a,0,0
PLUSFOND_a,1,0
PLUSFOND_a,2,0
PLUSFOND_a,3,0
PLUSFOND_a,4,0
PLUSFOND_a,5,0
PLUSFOND_a,6,0
PLUSFOND_a,7,0
PLUSFOND_a,8,0
PLUSFOND_a,9,0
PLUSFOND_a,10,0
PLUSFOND_a,11,0
PLUSFOND_b,0,0
PLUSFOND_b,1,0
PLUSFOND_b,2,0
PLUSFOND_b,3,0
PLUSFOND_b,4,0
PLUSFOND_b,5,0
PLUSFOND_b,6,0
PLUSFOND_b,7,0
PLUSFOND_b,8,0
PLUSFOND_b,9,0
PLUSFOND_b,10,0
PLUSFOND_b,11,0
SCHAKELSPAAR_a,0,0
SCHAKELSPAAR_a,1,0
SCHAKELSPAAR_a,2,0
SCHAKELSPAAR_a,3,0
SCHAKELSPAAR_a,4,0
SCHAKELSPAAR_a,5,0
SCHAKELSPAAR_a,6,0
SCHAKELSPAAR_a,7,0
SCHAKELSPAAR_a,8,0
SCHAKELSPAAR_a,9,0
SCHAKELSPAAR_a,10,0
SCHAKELSPAAR_a,11,0
SCHAKELSPAAR_b,0,0
SCHAKELSPAAR_b,1,0
SCHAKELSPAAR_b,2,0
SCHAKELSPAAR_b,3,0
SCHAKELSPAAR_b,4,0
SCHAKELSPAAR_b,5,0
SCHAKELSPAAR_b,6,0
SCHAKELSPAAR_b,7,0
SCHAKELSPAAR_b,8,0
SCHAKELSPAAR_b,9,0
SCHAKELSPAAR_b,10,0
SCHAKELSPAAR_b,11,0
SH_1_PP_a,0,0
SH_1_PP_a,1,0
SH_1_PP_a,2,0
SH_1_PP_a,3,0
SH_1_PP_a,4,0
SH_1_PP_a,5,0
SH_1_PP_a,6,0
SH_1_PP_a,7,0
SH_1_PP_a,8,0
SH_1_PP_a,9,0
SH_1_PP_a,10,0
SH_1_PP_a,11,0
SH_1_PP_b,0,0
SH_1_PP_b,1,0
SH_1_PP_b,2,0
SH_1_PP_b,3,0
SH_1_PP_b,4,0
SH_1_PP_b,5,0
SH_1_PP_b,6,0
SH_1_PP_b,7,0
SH_1_PP_b,8,0
SH_1_PP_b,9,0
SH_1_PP_b,10,0
SH_1_PP_b,11,0
SH_1_PUP_a,0,0
SH_1_PUP_a,1,0
SH_1_PUP_a,2,0
SH_1_PUP_a,3,0
SH_1_PUP_a,4,0
SH_1_PUP_a,5,0
SH_1_PUP_a,6,0
SH_1_PUP_a,7,0
SH_1_PUP_a,8,0
SH_1_PUP_a,9,0
SH_1_PUP_a,10,0
SH_1_PUP_a,11,0
SH_1_PUP_b,0,0
SH_1_PUP_b,1,0
SH_1_PUP_b,2,0
SH_1_PUP_b,3,0
SH_1_PUP_b,4,0
SH_1_PUP_b,5,0
SH_1_PUP_b,6,0
SH_1_PUP_b,7,0
SH_1_PUP_b,8,0
SH_1_PUP_b,9,0
SH_1_PUP_b,10,0
SH_1_PUP_b,11,0
SH_2_PP_a,0,0
SH_2_PP_a,1,0
SH_2_PP_a,2,0
SH_2_PP_a,3,0
SH_2_PP_a,4,0
SH_2_PP_a,5,0
SH_2_PP_a,6,0
SH_2_PP_a,7,0
SH_2_PP_a,8,0
SH_2_PP_a,9,0
SH_2_PP_a,10,0
SH_2_PP_a,11,0
SH_2_PP_b,0,0
SH_2_PP_b,1,0
SH_2_PP_b,2,0
SH_2_PP_b,3,0
SH_2_PP_b,4,0
SH_2_PP_b,5,0
SH_2_PP_b,6,0
SH_2_PP_b,7,0
SH_2_PP_b,8,0
SH_2_PP_b,9,0
SH_2_PP_b,10,0
SH_2_PP_b,11,0
SH_2_PUP_a,0,0
SH_2_PUP_a,1,0
SH_2_PUP_a,2,0
SH_2_PUP_a,3,0
SH_2_PUP_a,4,0
SH_2_PUP_a,5,0
SH_2_PUP_a,6,0
SH_2_PUP_a,7,0
SH_2_PUP_a,8,0
SH_2_PUP_a,9,0
SH_2_PUP_a,10,0
SH_2_PUP_a,11,0
SH_2_PUP_b,0,0
SH_2_PUP_b,1,0
SH_2_PUP_b,2,0
SH_2_PUP_b,3,0
SH_2_PUP_b,4,0
SH_2_PUP_b,5,0
SH_2_PUP_b,6,0
SH_2_PUP_b,7,0
SH_2_PUP_b,8,0
SH_2_PUP_b,9,0
SH_2_PUP_b,10,0
SH_2_PUP_b,11,0
SH_3_PP_a,0,0
SH_3_PP_a,1,0
SH_3_PP_a,2,0
SH_3_PP_a,3,0
SH_3_PP_a,4,0
SH_3_PP_a,5,0
SH_3_PP_a,6,0
SH_3_PP_a,7,0
SH_3_PP_a,8,0
SH_3_PP_a,9,0
SH_3_PP_a,10,0
SH_3_PP_a,11,0
SH_3_PP_b,0,0
SH_3_PP_b,1,0
SH_3_PP_b,2,0
SH_3_PP_b,3,0
SH_3_PP_b,4,0
SH_3_PP_b,5,0
SH_3_PP_b,6,0
SH_3_PP_b,7,0
SH_3_PP_b,8,0
SH_3_PP_b,9,0
SH_3_PP_b,10,0
SH_3_PP_b,11,0
SH_3_PUP_a,0,0
SH_3_PUP_a,1,0
SH_3_PUP_a,2,0
SH_3_PUP_a,3,0
SH_3_PUP_a,4,0
SH_3_PUP_a,5,0
SH_3_PUP_a,6,0
SH_3_PUP_a,7,0
SH_3_PUP_a,8,0
SH_3_PUP_a,9,0
SH_3_PUP_a,10,0
SH_3_PUP_a,11,0
SH_3_PUP_b,0,0
SH_3_PUP_b,1,0
SH_3_PUP_b,2,0
SH_3_PUP_b,3,0
SH_3_PUP_b,4,0
SH_3_PUP_b,5,0
SH_3_PUP_b,6,0
SH_3_PUP_b,7,0
SH_3_PUP_b,8,0
SH_3_PUP_b,9,0
SH_3_PUP_b,10,0
SH_3_PUP_b,11,0
SOLI_KBL_a,0,0
SOLI_KBL_a,1,0
SOLI_KBL_a,2,0
SOLI_KBL_a,3,0
SOLI_KBL_a,4,0
SOLI_KBL_a,5,0
SOLI_KBL_a,6,0
SOLI_KBL_a,7,0
SOLI_KBL_a,8,0
SOLI_KBL_a,9,0
SOLI_KBL_a,10,0
SOLI_KBL_a,11,0
SOLI_KBL_b,0,0
SOLI_KBL_b,1,0
SOLI_KBL_b,2,0
SOLI_KBL_b,3,0
SOLI_KBL_b,4,0
SOLI_KBL_b,5,0
SOLI_KBL_b,6,0
SOLI_KBL_b,7,0
SOLI_KBL_b,8,0
SOLI_KBL_b,9,0
SOLI_KBL_b,10,0
SOLI_KBL_b,11,0
SOLI_KBO_a,0,0
SOLI_KBO_a,1,0
SOLI_KBO_a,2,0
SOLI_KBO_a,3,0
SOLI_KBO_a,4,0
SOLI_KBO_a,5,0
SOLI_KBO_a,6,0
SOLI_KBO_a,7,0
SOLI_KBO_a,8,0
SOLI_KBO_a,9,0
SOLI_KBO_a,10,0
SOLI_KBO_a,11,0
SOLI_KBO_b,0,0
SOLI_KBO_b,1,0
SOLI_KBO_b,2,0
SOLI_KBO_b,3,0
SOLI_KBO_b,4,0
SOLI_KBO_b,5,0
SOLI_KBO_b,6,0
SOLI_KBO_b,7,0
SOLI_KBO_b,8,0
SOLI_KBO_b,9,0
SOLI_KBO_b,10,0
SOLI_KBO_b,11,0
SOLI_LIJF_a,0,0
SOLI_LIJF_a,1,0
SOLI_LIJF_a,2,0
SOLI_LIJF_a,3,0
SOLI_LIJF_a,4,0
SOLI_LIJF_a,5,0
SOLI_LIJF_a,6,0
SOLI_LIJF_a,7,0
SOLI_LIJF_a,8,0
SOLI_LIJF_a,9,0
SOLI_LIJF_a,10,0
SOLI_LIJF_a,11,0
SOLI_LIJF_b,0,0
SOLI_LIJF_b,1,0
SOLI_LIJF_b,2,0
SOLI_LIJF_b,3,0
SOLI_LIJF_b,4,0
SOLI_LIJF_b,5,0
SOLI_LIJF_b,6,0
SOLI_LIJF_b,7,0
SOLI_LIJF_b,8,0
SOLI_LIJF_b,9,0
SOLI_LIJF_b,10,0
SOLI_LIJF_b,11,0
USH_KBL_a,0,0
USH_KBL_a,1,0
USH_KBL_a,2,0
USH_KBL_a,3,0
USH_KBL_a,4,0
USH_KBL_a,5,0
USH_KBL_a,6,0
USH_KBL_a,7,0
USH_KBL_a,8,0
USH_KBL_a,9,0
USH_KBL_a,10,0
USH_KBL_a,11,0
USH_KBL_b,0,0
USH_KBL_b,1,0
USH_KBL_b,2,0
USH_KBL_b,3,0
USH_KBL_b,4,0
USH_KBL_b,5,0
USH_KBL_b,6,0
USH_KBL_b,7,0
USH_KBL_b,8,0
USH_KBL_b,9,0
USH_KBL_b,10,0
USH_KBL_b,11,0
USH_KBO_a,0,0
USH_KBO_a,1,0
USH_KBO_a,2,0
USH_KBO_a,3,0
USH_KBO_a,4,0
USH_KBO_a,5,0
USH_KBO_a,6,0
USH_KBO_a,7,0
USH_KBO_a,8,0
USH_KBO_a,9,0
USH_KBO_a,10,0
USH_KBO_a,11,0
USH_KBO_b,0,0
USH_KBO_b,1,0
USH_KBO_b,2,0
USH_KBO_b,3,0
USH_KBO_b,4,0
USH_KBO_b,5,0
USH_KBO_b,6,0
USH_KBO_b,7,0
USH_KBO_b,8,0
USH_KBO_b,9,0
USH_KBO_b,10,0
USH_KBO_b,11,0
USH_LIJF_a,0,0
USH_LIJF_a,1,0
USH_LIJF_a,2,0
USH_LIJF_a,3,0
USH_LIJF_a,4,0
USH_LIJF_a,5,0
USH_LIJF_a,6,0
USH_LIJF_a,7,0
USH_LIJF_a,8,0
USH_LIJF_a,9,0
USH_LIJF_a,10,0
USH_LIJF_a,11,0
USH_LIJF_b,0,0
USH_LIJF_b,1,0
USH_LIJF_b,2,0
USH_LIJF_b,3,0
USH_LIJF_b,4,0
USH_LIJF_b,5,0
USH_LIJF_b,6,0
USH_LIJF_b,7,0
USH_LIJF_b,8,0
USH_LIJF_b,9,0
USH_LIJF_b,10,0
USH_LIJF_b,11,0
V&B_KBL_a,0,0
V&B_KBL_a,1,0
V&B_KBL_a,2,0
V&B_KBL_a,3,0
V&B_KBL_a,4,0
V&B_KBL_a,5,0
V&B_KBL_a,6,0
V&B_KBL_a,7,0
V&B_KBL_a,8,0
V&B_KBL_a,9,0
V&B_KBL_a,10,0
V&B_KBL_a,11,0
V&B_KBL_b,0,0
V&B_KBL_b,1,0
V&B_KBL_b,2,0
V&B_KBL_b,3,0
V&B_KBL_b,4,0
V&B_KBL_b,5,0
V&B_KBL_b,6,0
V&B_KBL_b,7,0
V&B_KBL_b,8,0
V&B_KBL_b,9,0
V&B_KBL_b,10,0
V&B_KBL_b,11,0
V&B_KBO_a,0,0
V&B_KBO_a,1,0
V&B_KBO_a,2,0
V&B_KBO_a,3,0
V&B_KBO_a,4,0
V&B_KBO_a,5,0
V&B_KBO_a,6,0
V&B_KBO_a,7,0
V&B_KBO_a,8,0
V&B_KBO_a,9,0
V&B_KBO_a,10,0
V&B_KBO_a,11,0
V&B_KBO_b,0,0
V&B_KBO_b,1,0
V&B_KBO_b,2,0
V&B_KBO_b,3,0
V&B_KBO_b,4,0
V&B_KBO_b,5,0
V&B_KBO_b,6,0
V&B_KBO_b,7,0
V&B_KBO_b,8,0
V&B_KBO_b,9,0
V&B_KBO_b,10,0
V&B_KBO_b,11,0
V&B_LIJF_a,0,0
V&B_LIJF_a,1,0
V&B_LIJF_a,2,0
V&B_LIJF_a,3,0
V&B_LIJF_a,4,0
V&B_LIJF_a,5,0
V&B_LIJF_a,6,0
V&B_LIJF_a,7,0
V&B_LIJF_a,8,0
V&B_LIJF_a,9,0
V&B_LIJF_a,10,0
V&B_LIJF_a,11,0
V&B_LIJF_b,0,0
V&B_LIJF_b,1,0
V&B_LIJF_b,2,0
V&B_LIJF_b,3,0
V&B_LIJF_b,4,0
V&B_LIJF_b,5,0
V&B_LIJF_b,6,0
V&B_LIJF_b,7,0
V&B_LIJF_b,8,0
V&B_LIJF_b,9,0
V&B_LIJF_b,10,0
V&B_LIJF_b,11,0
Z_W_1_PP_a,0,0
Z_W_1_PP_a,1,0
Z_W_1_PP_a,2,0
Z_W_1_PP_a,3,0
Z_W_1_PP_a,4,0
Z_W_1_PP_a,5,0
Z_W_1_PP_a,6,0
Z_W_1_PP_a,7,0
Z_W_1_PP_a,8,0
Z_W_1_PP_a,9,0
Z_W_1_PP_a,10,0
Z_W_1_PP_a,11,0
Z_W_1_PP_b,0,0
Z_W_1_PP_b,1,0
Z_W_1_PP_b,2,0
Z_W_1_PP_b,3,0
Z_W_1_PP_b,4,0
Z_W_1_PP_b,5,0
Z_W_1_PP_b,6,0
Z_W_1_PP_b,7,0
Z_W_1_PP_b,8,0
Z_W_1_PP_b,9,0
Z_W_1_PP_b,10,0
Z_W_1_PP_b,11,0
Z_W_1_PUP_a,0,0
Z_W_1_PUP_a,1,0
Z_W_1_PUP_a,2,0
Z_W_1_PUP_a,3,0
Z_W_1_PUP_a,4,0
Z_W_1_PUP_a,5,0
Z_W_1_PUP_a,6,0
Z_W_1_PUP_a,7,0
Z_W_1_PUP_a,8,0
Z_W_1_PUP_a,9,0
Z_W_1_PUP_a,10,0
Z_W_1_PUP_a,11,0
Z_W_1_PUP_b,0,0
Z_W_1_PUP_b,1,0
Z_W_1_PUP_b,2,0
Z_W_1_PUP_b,3,0
Z_W_1_PUP_b,4,0
Z_W_1_PUP_b,5,0
Z_W_1_PUP_b,6,0
Z_W_1_PUP_b,7,0
Z_W_1_PUP_b,8,0
Z_W_1_PUP_b,9,0
Z_W_1_PUP_b,10,0
Z_W_1_PUP_b,11,0
Z_W_2_PP_a,0,0
Z_W_2_PP_a,1,0
Z_W_2_PP_a,2,0
Z_W_2_PP_a,3,0
Z_W_2_PP_a,4,0
Z_W_2_PP_a,5,0
Z_W_2_PP_a,6,0
Z_W_2_PP_a,7,0
Z_W_2_PP_a,8,0
Z_W_2_PP_a,9,0
Z_W_2_PP_a,10,0
Z_W_2_PP_a,11,0
Z_W_2_PP_b,0,0
Z_W_2_PP_b,1,0
Z_W_2_PP_b,2,0
Z_W_2_PP_b,3,0
Z_W_2_PP_b,4,0
Z_W_2_PP_b,5,0
Z_W_2_PP_b,6,0
Z_W_2_PP_b,7,0
Z_W_2_PP_b,8,0
Z_W_2_PP_b,9,0
Z_W_2_PP_b,10,0
Z_W_2_PP_b,11,0
Z_W_2_PUP_a,0,0
Z_W_2_PUP_a,1,0
Z_W_2_PUP_a,2,0
Z_W_2_PUP_a,3,0
Z_W_2_PUP_a,4,0
Z_W_2_PUP_a,5,0
Z_W_2_PUP_a,6,0
Z_W_2_PUP_a,7,0
Z_W_2_PUP_a,8,0
Z_W_2_PUP_a,9,0
Z_W_2_PUP_a,10,0
Z_W_2_PUP_a,11,0
Z_W_2_PUP_b,0,0
Z_W_2_PUP_b,1,0
Z_W_2_PUP_b,2,0
Z_W_2_PUP_b,3,0
Z_W_2_PUP_b,4,0
Z_W_2_PUP_b,5,0
Z_W_2_PUP_b,6,0
Z_W_2_PUP_b,7,0
Z_W_2_PUP_b,8,0
Z_W_2_PUP_b,9,0
Z_W_2_PUP_b,10,0
Z_W_2_PUP_b,11,0
Z_W_3_PP_a,0,0
Z_W_3_PP_a,1,0
Z_W_3_PP_a,2,0
Z_W_3_PP_a,3,0
Z_W_3_PP_a,4,0
Z_W_3_PP_a,5,0
Z_W_3_PP_a,6,0
Z_W_3_PP_a,7,0
Z_W_3_PP_a,8,0
Z_W_3_PP_a,9,0
Z_W_3_PP_a,10,0
Z_W_3_PP_a,11,0
Z_W_3_PP_b,0,0
Z_W_3_PP_b,1,0
Z_W_3_PP_b,2,0
Z_W_3_PP_b,3,0
Z_W_3_PP_b,4,0
Z_W_3_PP_b,5,0
Z_W_3_PP_b,6,0
Z_W_3_PP_b,7,0
Z_W_3_PP_b,8,0
Z_W_3_PP_b,9,0
Z_W_3_PP_b,10,0
Z_W_3_PP_b,11,0
Z_W_3_PUP_a,0,0
Z_W_3_PUP_a,1,0
Z_W_3_PUP_a,2,0
Z_W_3_PUP_a,3,0
Z_W_3_PUP_a,4,0
Z_W_3_PUP_a,5,0
Z_W_3_PUP_a,6,0
Z_W_3_PUP_a,7,0
Z_W_3_PUP_a,8,0
Z_W_3_PUP_a,9,0
Z_W_3_PUP_a,10,0
Z_W_3_PUP_a,11,0
Z_W_3_PUP_b,0,0
Z_W_3_PUP_b,1,0
Z_W_3_PUP_b,2,0
Z_W_3_PUP_b,3,0
Z_W_3_PUP_b,4,0
Z_W_3_PUP_b,5,0
Z_W_3_PUP_b,6,0
Z_W_3_PUP_b,7,0
Z_W_3_PUP_b,8,0
Z_W_3_PUP_b,9,0
Z_W_3_PUP_b,10,0
Z_W_3_PUP_b,11,0
