prodboomcd,remaining_years,value
2040PLUSFONDS,0,1.0
2040PLUSFONDS,1,1.0
2040PLUSFONDS,2,1.0
2040PLUSFONDS,3,1.0
2040PLUSFONDS,4,1.0
2040PLUSFONDS,5,1.0
2040PLUSFONDS,6,1.0
2040PLUSFONDS,7,1.0
2040PLUSFONDS,8,1.0
2040PLUSFONDS,9,1.0
2040PLUSFONDS,10,1.0
2040PLUSFONDS,11,1.0
2040PLUSFONDS,12,1.0
2040PLUSFONDS,13,1.0
2040PLUSFONDS,14,1.0
2040PLUSFONDS,15,1.0
2040PLUSFONDS,16,1.0
2040PLUSFONDS,17,1.0
2040PLUSFONDS,18,1.0
2040PLUSFONDS,19,1.0
2040PLUSFONDS,20,1.0
2040PLUSFONDS,21,1.0
2040PLUSFONDS,22,1.0
2040PLUSFONDS,23,1.0
2040PLUSFONDS,24,1.0
2040PLUSFONDS,25,1.0
2040PLUSFONDS,26,1.0
2040PLUSFONDS,27,1.0
2040PLUSFONDS,28,1.0
2040PLUSFONDS,29,1.0
2040PLUSFONDS,30,1.0
2040PLUSFONDS,31,1.0
AEGON_KOERSPLAN_spaaradvies,0,1.0
AEGON_KOERSPLAN_spaaradvies,1,1.0
AEGON_KOERSPLAN_spaaradvies,2,1.0
AEGON_KOERSPLAN_spaaradvies,3,1.0
AEGON_KOERSPLAN_spaaradvies,4,1.0
AEGON_KOERSPLAN_spaaradvies,5,1.0
AEGON_KOERSPLAN_spaaradvies,6,1.0
AEGON_KOERSPLAN_spaaradvies,7,1.0
AEGON_KOERSPLAN_spaaradvies,8,1.0
AEGON_KOERSPLAN_spaaradvies,9,1.0
AEGON_KOERSPLAN_spaaradvies,10,1.0
AEGON_KOERSPLAN_spaaradvies,11,1.0
AEGON_KOERSPLAN_spaaradvies,12,1.0
AEGON_KOERSPLAN_spaaradvies,13,1.0
AEGON_KOERSPLAN_spaaradvies,14,1.0
AEGON_KOERSPLAN_spaaradvies,15,1.0
AEGON_KOERSPLAN_spaaradvies,16,1.0
AEGON_KOERSPLAN_spaaradvies,17,1.0
AEGON_KOERSPLAN_spaaradvies,18,1.0
AEGON_KOERSPLAN_spaaradvies,19,1.0
AEGON_KOERSPLAN_spaaradvies,20,1.0
AEGON_KOERSPLAN_spaaradvies,21,1.0
AEGON_KOERSPLAN_spaaradvies,22,1.0
AEGON_KOERSPLAN_spaaradvies,23,1.0
AEGON_KOERSPLAN_spaaradvies,24,1.0
AEGON_KOERSPLAN_spaaradvies,25,1.0
AEGON_KOERSPLAN_spaaradvies,26,1.0
AEGON_KOERSPLAN_spaaradvies,27,1.0
AEGON_KOERSPLAN_spaaradvies,28,1.0
AEGON_KOERSPLAN_spaaradvies,29,1.0
AEGON_KOERSPLAN_spaaradvies,30,1.0
AEGON_KOERSPLAN_spaaradvies,31,1.0
AEGON_SPAARBEURS_direct,0,1.0
AEGON_SPAARBEURS_direct,1,1.0
AEGON_SPAARBEURS_direct,2,1.0
AEGON_SPAARBEURS_direct,3,1.0
AEGON_SPAARBEURS_direct,4,1.0
AEGON_SPAARBEURS_direct,5,1.0
AEGON_SPAARBEURS_direct,6,1.0
AEGON_SPAARBEURS_direct,7,1.0
AEGON_SPAARBEURS_direct,8,1.0
AEGON_SPAARBEURS_direct,9,1.0
AEGON_SPAARBEURS_direct,10,1.0
AEGON_SPAARBEURS_direct,11,1.0
AEGON_SPAARBEURS_direct,12,1.0
AEGON_SPAARBEURS_direct,13,1.0
AEGON_SPAARBEURS_direct,14,1.0
AEGON_SPAARBEURS_direct,15,1.0
AEGON_SPAARBEURS_direct,16,1.0
AEGON_SPAARBEURS_direct,17,1.0
AEGON_SPAARBEURS_direct,18,1.0
AEGON_SPAARBEURS_direct,19,1.0
AEGON_SPAARBEURS_direct,20,1.0
AEGON_SPAARBEURS_direct,21,1.0
AEGON_SPAARBEURS_direct,22,1.0
AEGON_SPAARBEURS_direct,23,1.0
AEGON_SPAARBEURS_direct,24,1.0
AEGON_SPAARBEURS_direct,25,1.0
AEGON_SPAARBEURS_direct,26,1.0
AEGON_SPAARBEURS_direct,27,1.0
AEGON_SPAARBEURS_direct,28,1.0
AEGON_SPAARBEURS_direct,29,1.0
AEGON_SPAARBEURS_direct,30,1.0
AEGON_SPAARBEURS_direct,31,1.0
AEGON_SPAARBEURS_spaaradvies,0,1.0
AEGON_SPAARBEURS_spaaradvies,1,1.0
AEGON_SPAARBEURS_spaaradvies,2,1.0
AEGON_SPAARBEURS_spaaradvies,3,1.0
AEGON_SPAARBEURS_spaaradvies,4,1.0
AEGON_SPAARBEURS_spaaradvies,5,1.0
AEGON_SPAARBEURS_spaaradvies,6,1.0
AEGON_SPAARBEURS_spaaradvies,7,1.0
AEGON_SPAARBEURS_spaaradvies,8,1.0
AEGON_SPAARBEURS_spaaradvies,9,1.0
AEGON_SPAARBEURS_spaaradvies,10,1.0
AEGON_SPAARBEURS_spaaradvies,11,1.0
AEGON_SPAARBEURS_spaaradvies,12,1.0
AEGON_SPAARBEURS_spaaradvies,13,1.0
AEGON_SPAARBEURS_spaaradvies,14,1.0
AEGON_SPAARBEURS_spaaradvies,15,1.0
AEGON_SPAARBEURS_spaaradvies,16,1.0
AEGON_SPAARBEURS_spaaradvies,17,1.0
AEGON_SPAARBEURS_spaaradvies,18,1.0
AEGON_SPAARBEURS_spaaradvies,19,1.0
AEGON_SPAARBEURS_spaaradvies,20,1.0
AEGON_SPAARBEURS_spaaradvies,21,1.0
AEGON_SPAARBEURS_spaaradvies,22,1.0
AEGON_SPAARBEURS_spaaradvies,23,1.0
AEGON_SPAARBEURS_spaaradvies,24,1.0
AEGON_SPAARBEURS_spaaradvies,25,1.0
AEGON_SPAARBEURS_spaaradvies,26,1.0
AEGON_SPAARBEURS_spaaradvies,27,1.0
AEGON_SPAARBEURS_spaaradvies,28,1.0
AEGON_SPAARBEURS_spaaradvies,29,1.0
AEGON_SPAARBEURS_spaaradvies,30,1.0
AEGON_SPAARBEURS_spaaradvies,31,1.0
AEGON_SPAARBEURS_spaarbelegger,0,1.0
AEGON_SPAARBEURS_spaarbelegger,1,1.0
AEGON_SPAARBEURS_spaarbelegger,2,1.0
AEGON_SPAARBEURS_spaarbelegger,3,1.0
AEGON_SPAARBEURS_spaarbelegger,4,1.0
AEGON_SPAARBEURS_spaarbelegger,5,1.0
AEGON_SPAARBEURS_spaarbelegger,6,1.0
AEGON_SPAARBEURS_spaarbelegger,7,1.0
AEGON_SPAARBEURS_spaarbelegger,8,1.0
AEGON_SPAARBEURS_spaarbelegger,9,1.0
AEGON_SPAARBEURS_spaarbelegger,10,1.0
AEGON_SPAARBEURS_spaarbelegger,11,1.0
AEGON_SPAARBEURS_spaarbelegger,12,1.0
AEGON_SPAARBEURS_spaarbelegger,13,1.0
AEGON_SPAARBEURS_spaarbelegger,14,1.0
AEGON_SPAARBEURS_spaarbelegger,15,1.0
AEGON_SPAARBEURS_spaarbelegger,16,1.0
AEGON_SPAARBEURS_spaarbelegger,17,1.0
AEGON_SPAARBEURS_spaarbelegger,18,1.0
AEGON_SPAARBEURS_spaarbelegger,19,1.0
AEGON_SPAARBEURS_spaarbelegger,20,1.0
AEGON_SPAARBEURS_spaarbelegger,21,1.0
AEGON_SPAARBEURS_spaarbelegger,22,1.0
AEGON_SPAARBEURS_spaarbelegger,23,1.0
AEGON_SPAARBEURS_spaarbelegger,24,1.0
AEGON_SPAARBEURS_spaarbelegger,25,1.0
AEGON_SPAARBEURS_spaarbelegger,26,1.0
AEGON_SPAARBEURS_spaarbelegger,27,1.0
AEGON_SPAARBEURS_spaarbelegger,28,1.0
AEGON_SPAARBEURS_spaarbelegger,29,1.0
AEGON_SPAARBEURS_spaarbelegger,30,1.0
AEGON_SPAARBEURS_spaarbelegger,31,1.0
AEGON_SPAARBEURS_tussenpersoon,0,1.0
AEGON_SPAARBEURS_tussenpersoon,1,1.0
AEGON_SPAARBEURS_tussenpersoon,2,1.0
AEGON_SPAARBEURS_tussenpersoon,3,1.0
AEGON_SPAARBEURS_tussenpersoon,4,1.0
AEGON_SPAARBEURS_tussenpersoon,5,1.0
AEGON_SPAARBEURS_tussenpersoon,6,1.0
AEGON_SPAARBEURS_tussenpersoon,7,1.0
AEGON_SPAARBEURS_tussenpersoon,8,1.0
AEGON_SPAARBEURS_tussenpersoon,9,1.0
AEGON_SPAARBEURS_tussenpersoon,10,1.0
AEGON_SPAARBEURS_tussenpersoon,11,1.0
AEGON_SPAARBEURS_tussenpersoon,12,1.0
AEGON_SPAARBEURS_tussenpersoon,13,1.0
AEGON_SPAARBEURS_tussenpersoon,14,1.0
AEGON_SPAARBEURS_tussenpersoon,15,1.0
AEGON_SPAARBEURS_tussenpersoon,16,1.0
AEGON_SPAARBEURS_tussenpersoon,17,1.0
AEGON_SPAARBEURS_tussenpersoon,18,1.0
AEGON_SPAARBEURS_tussenpersoon,19,1.0
AEGON_SPAARBEURS_tussenpersoon,20,1.0
AEGON_SPAARBEURS_tussenpersoon,21,1.0
AEGON_SPAARBEURS_tussenpersoon,22,1.0
AEGON_SPAARBEURS_tussenpersoon,23,1.0
AEGON_SPAARBEURS_tussenpersoon,24,1.0
AEGON_SPAARBEURS_tussenpersoon,25,1.0
AEGON_SPAARBEURS_tussenpersoon,26,1.0
AEGON_SPAARBEURS_tussenpersoon,27,1.0
AEGON_SPAARBEURS_tussenpersoon,28,1.0
AEGON_SPAARBEURS_tussenpersoon,29,1.0
AEGON_SPAARBEURS_tussenpersoon,30,1.0
AEGON_SPAARBEURS_tussenpersoon,31,1.0
AFP,0,1.0
AFP,1,1.0
AFP,2,1.0
AFP,3,1.0
AFP,4,1.0
AFP,5,1.0
AFP,6,1.0
AFP,7,1.0
AFP,8,1.0
AFP,9,1.0
AFP,10,1.0
AFP,11,1.0
AFP,12,1.0
AFP,13,1.0
AFP,14,1.0
AFP,15,1.0
AFP,16,1.0
AFP,17,1.0
AFP,18,1.0
AFP,19,1.0
AFP,20,1.0
AFP,21,1.0
AFP,22,1.0
AFP,23,1.0
AFP,24,1.0
AFP,25,1.0
AFP,26,1.0
AFP,27,1.0
AFP,28,1.0
AFP,29,1.0
AFP,30,1.0
AFP,31,1.0
ALH,0,1.0
ALH,1,1.0
ALH,2,1.0
ALH,3,1.0
ALH,4,1.0
ALH,5,1.0
ALH,6,1.0
ALH,7,1.0
ALH,8,1.0
ALH,9,1.0
ALH,10,1.0
ALH,11,1.0
ALH,12,1.0
ALH,13,1.0
ALH,14,1.0
ALH,15,1.0
ALH,16,1.0
ALH,17,1.0
ALH,18,1.0
ALH,19,1.0
ALH,20,1.0
ALH,21,1.0
ALH,22,1.0
ALH,23,1.0
ALH,24,1.0
ALH,25,1.0
ALH,26,1.0
ALH,27,1.0
ALH,28,1.0
ALH,29,1.0
ALH,30,1.0
ALH,31,1.0
ALIMENTATIE,0,1.0
ALIMENTATIE,1,1.0
ALIMENTATIE,2,1.0
ALIMENTATIE,3,1.0
ALIMENTATIE,4,1.0
ALIMENTATIE,5,1.0
ALIMENTATIE,6,1.0
ALIMENTATIE,7,1.0
ALIMENTATIE,8,1.0
ALIMENTATIE,9,1.0
ALIMENTATIE,10,1.0
ALIMENTATIE,11,1.0
ALIMENTATIE,12,1.0
ALIMENTATIE,13,1.0
ALIMENTATIE,14,1.0
ALIMENTATIE,15,1.0
ALIMENTATIE,16,1.0
ALIMENTATIE,17,1.0
ALIMENTATIE,18,1.0
ALIMENTATIE,19,1.0
ALIMENTATIE,20,1.0
ALIMENTATIE,21,1.0
ALIMENTATIE,22,1.0
ALIMENTATIE,23,1.0
ALIMENTATIE,24,1.0
ALIMENTATIE,25,1.0
ALIMENTATIE,26,1.0
ALIMENTATIE,27,1.0
ALIMENTATIE,28,1.0
ALIMENTATIE,29,1.0
ALIMENTATIE,30,1.0
ALIMENTATIE,31,1.0
AORV_Type1,0,1.0
AORV_Type1,1,1.0
AORV_Type1,2,1.0
AORV_Type1,3,1.0
AORV_Type1,4,1.0
AORV_Type1,5,1.0
AORV_Type1,6,1.0
AORV_Type1,7,1.0
AORV_Type1,8,1.0
AORV_Type1,9,1.0
AORV_Type1,10,1.0
AORV_Type1,11,1.0
AORV_Type1,12,1.0
AORV_Type1,13,1.0
AORV_Type1,14,1.0
AORV_Type1,15,1.0
AORV_Type1,16,1.0
AORV_Type1,17,1.0
AORV_Type1,18,1.0
AORV_Type1,19,1.0
AORV_Type1,20,1.0
AORV_Type1,21,1.0
AORV_Type1,22,1.0
AORV_Type1,23,1.0
AORV_Type1,24,1.0
AORV_Type1,25,1.0
AORV_Type1,26,1.0
AORV_Type1,27,1.0
AORV_Type1,28,1.0
AORV_Type1,29,1.0
AORV_Type1,30,1.0
AORV_Type1,31,1.0
AORV_Type2,0,1.0
AORV_Type2,1,1.0
AORV_Type2,2,1.0
AORV_Type2,3,1.0
AORV_Type2,4,1.0
AORV_Type2,5,1.0
AORV_Type2,6,1.0
AORV_Type2,7,1.0
AORV_Type2,8,1.0
AORV_Type2,9,1.0
AORV_Type2,10,1.0
AORV_Type2,11,1.0
AORV_Type2,12,1.0
AORV_Type2,13,1.0
AORV_Type2,14,1.0
AORV_Type2,15,1.0
AORV_Type2,16,1.0
AORV_Type2,17,1.0
AORV_Type2,18,1.0
AORV_Type2,19,1.0
AORV_Type2,20,1.0
AORV_Type2,21,1.0
AORV_Type2,22,1.0
AORV_Type2,23,1.0
AORV_Type2,24,1.0
AORV_Type2,25,1.0
AORV_Type2,26,1.0
AORV_Type2,27,1.0
AORV_Type2,28,1.0
AORV_Type2,29,1.0
AORV_Type2,30,1.0
AORV_Type2,31,1.0
AORV_Type3,0,1.0
AORV_Type3,1,1.0
AORV_Type3,2,1.0
AORV_Type3,3,1.0
AORV_Type3,4,1.0
AORV_Type3,5,1.0
AORV_Type3,6,1.0
AORV_Type3,7,1.0
AORV_Type3,8,1.0
AORV_Type3,9,1.0
AORV_Type3,10,1.0
AORV_Type3,11,1.0
AORV_Type3,12,1.0
AORV_Type3,13,1.0
AORV_Type3,14,1.0
AORV_Type3,15,1.0
AORV_Type3,16,1.0
AORV_Type3,17,1.0
AORV_Type3,18,1.0
AORV_Type3,19,1.0
AORV_Type3,20,1.0
AORV_Type3,21,1.0
AORV_Type3,22,1.0
AORV_Type3,23,1.0
AORV_Type3,24,1.0
AORV_Type3,25,1.0
AORV_Type3,26,1.0
AORV_Type3,27,1.0
AORV_Type3,28,1.0
AORV_Type3,29,1.0
AORV_Type3,30,1.0
AORV_Type3,31,1.0
AORV_Type4,0,1.0
AORV_Type4,1,1.0
AORV_Type4,2,1.0
AORV_Type4,3,1.0
AORV_Type4,4,1.0
AORV_Type4,5,1.0
AORV_Type4,6,1.0
AORV_Type4,7,1.0
AORV_Type4,8,1.0
AORV_Type4,9,1.0
AORV_Type4,10,1.0
AORV_Type4,11,1.0
AORV_Type4,12,1.0
AORV_Type4,13,1.0
AORV_Type4,14,1.0
AORV_Type4,15,1.0
AORV_Type4,16,1.0
AORV_Type4,17,1.0
AORV_Type4,18,1.0
AORV_Type4,19,1.0
AORV_Type4,20,1.0
AORV_Type4,21,1.0
AORV_Type4,22,1.0
AORV_Type4,23,1.0
AORV_Type4,24,1.0
AORV_Type4,25,1.0
AORV_Type4,26,1.0
AORV_Type4,27,1.0
AORV_Type4,28,1.0
AORV_Type4,29,1.0
AORV_Type4,30,1.0
AORV_Type4,31,1.0
AOWPRIVEPLAN,0,1.0
AOWPRIVEPLAN,1,1.0
AOWPRIVEPLAN,2,1.0
AOWPRIVEPLAN,3,1.0
AOWPRIVEPLAN,4,1.0
AOWPRIVEPLAN,5,1.0
AOWPRIVEPLAN,6,1.0
AOWPRIVEPLAN,7,1.0
AOWPRIVEPLAN,8,1.0
AOWPRIVEPLAN,9,1.0
AOWPRIVEPLAN,10,1.0
AOWPRIVEPLAN,11,1.0
AOWPRIVEPLAN,12,1.0
AOWPRIVEPLAN,13,1.0
AOWPRIVEPLAN,14,1.0
AOWPRIVEPLAN,15,1.0
AOWPRIVEPLAN,16,1.0
AOWPRIVEPLAN,17,1.0
AOWPRIVEPLAN,18,1.0
AOWPRIVEPLAN,19,1.0
AOWPRIVEPLAN,20,1.0
AOWPRIVEPLAN,21,1.0
AOWPRIVEPLAN,22,1.0
AOWPRIVEPLAN,23,1.0
AOWPRIVEPLAN,24,1.0
AOWPRIVEPLAN,25,1.0
AOWPRIVEPLAN,26,1.0
AOWPRIVEPLAN,27,1.0
AOWPRIVEPLAN,28,1.0
AOWPRIVEPLAN,29,1.0
AOWPRIVEPLAN,30,1.0
AOWPRIVEPLAN,31,1.0
ASH,0,1.0
ASH,1,1.0
ASH,2,1.0
ASH,3,1.0
ASH,4,1.0
ASH,5,1.0
ASH,6,1.0
ASH,7,1.0
ASH,8,1.0
ASH,9,1.0
ASH,10,1.0
ASH,11,1.0
ASH,12,1.0
ASH,13,1.0
ASH,14,1.0
ASH,15,1.0
ASH,16,1.0
ASH,17,1.0
ASH,18,1.0
ASH,19,1.0
ASH,20,1.0
ASH,21,1.0
ASH,22,1.0
ASH,23,1.0
ASH,24,1.0
ASH,25,1.0
ASH,26,1.0
ASH,27,1.0
ASH,28,1.0
ASH,29,1.0
ASH,30,1.0
ASH,31,1.0
BEDRIJVEN,0,1.0
BEDRIJVEN,1,1.0
BEDRIJVEN,2,1.0
BEDRIJVEN,3,1.0
BEDRIJVEN,4,1.0
BEDRIJVEN,5,1.0
BEDRIJVEN,6,1.0
BEDRIJVEN,7,1.0
BEDRIJVEN,8,1.0
BEDRIJVEN,9,1.0
BEDRIJVEN,10,1.0
BEDRIJVEN,11,1.0
BEDRIJVEN,12,1.0
BEDRIJVEN,13,1.0
BEDRIJVEN,14,1.0
BEDRIJVEN,15,1.0
BEDRIJVEN,16,1.0
BEDRIJVEN,17,1.0
BEDRIJVEN,18,1.0
BEDRIJVEN,19,1.0
BEDRIJVEN,20,1.0
BEDRIJVEN,21,1.0
BEDRIJVEN,22,1.0
BEDRIJVEN,23,1.0
BEDRIJVEN,24,1.0
BEDRIJVEN,25,1.0
BEDRIJVEN,26,1.0
BEDRIJVEN,27,1.0
BEDRIJVEN,28,1.0
BEDRIJVEN,29,1.0
BEDRIJVEN,30,1.0
BEDRIJVEN,31,1.0
BUDGETFONDS,0,1.0
BUDGETFONDS,1,1.0
BUDGETFONDS,2,1.0
BUDGETFONDS,3,1.0
BUDGETFONDS,4,1.0
BUDGETFONDS,5,1.0
BUDGETFONDS,6,1.0
BUDGETFONDS,7,1.0
BUDGETFONDS,8,1.0
BUDGETFONDS,9,1.0
BUDGETFONDS,10,1.0
BUDGETFONDS,11,1.0
BUDGETFONDS,12,1.0
BUDGETFONDS,13,1.0
BUDGETFONDS,14,1.0
BUDGETFONDS,15,1.0
BUDGETFONDS,16,1.0
BUDGETFONDS,17,1.0
BUDGETFONDS,18,1.0
BUDGETFONDS,19,1.0
BUDGETFONDS,20,1.0
BUDGETFONDS,21,1.0
BUDGETFONDS,22,1.0
BUDGETFONDS,23,1.0
BUDGETFONDS,24,1.0
BUDGETFONDS,25,1.0
BUDGETFONDS,26,1.0
BUDGETFONDS,27,1.0
BUDGETFONDS,28,1.0
BUDGETFONDS,29,1.0
BUDGETFONDS,30,1.0
BUDGETFONDS,31,1.0
DEPOT,0,1.0
DEPOT,1,1.0
DEPOT,2,1.0
DEPOT,3,1.0
DEPOT,4,1.0
DEPOT,5,1.0
DEPOT,6,1.0
DEPOT,7,1.0
DEPOT,8,1.0
DEPOT,9,1.0
DEPOT,10,1.0
DEPOT,11,1.0
DEPOT,12,1.0
DEPOT,13,1.0
DEPOT,14,1.0
DEPOT,15,1.0
DEPOT,16,1.0
DEPOT,17,1.0
DEPOT,18,1.0
DEPOT,19,1.0
DEPOT,20,1.0
DEPOT,21,1.0
DEPOT,22,1.0
DEPOT,23,1.0
DEPOT,24,1.0
DEPOT,25,1.0
DEPOT,26,1.0
DEPOT,27,1.0
DEPOT,28,1.0
DEPOT,29,1.0
DEPOT,30,1.0
DEPOT,31,1.0
FISCAALVOORDEELPLAN,0,1.0
FISCAALVOORDEELPLAN,1,1.0
FISCAALVOORDEELPLAN,2,1.0
FISCAALVOORDEELPLAN,3,1.0
FISCAALVOORDEELPLAN,4,1.0
FISCAALVOORDEELPLAN,5,1.0
FISCAALVOORDEELPLAN,6,1.0
FISCAALVOORDEELPLAN,7,1.0
FISCAALVOORDEELPLAN,8,1.0
FISCAALVOORDEELPLAN,9,1.0
FISCAALVOORDEELPLAN,10,1.0
FISCAALVOORDEELPLAN,11,1.0
FISCAALVOORDEELPLAN,12,1.0
FISCAALVOORDEELPLAN,13,1.0
FISCAALVOORDEELPLAN,14,1.0
FISCAALVOORDEELPLAN,15,1.0
FISCAALVOORDEELPLAN,16,1.0
FISCAALVOORDEELPLAN,17,1.0
FISCAALVOORDEELPLAN,18,1.0
FISCAALVOORDEELPLAN,19,1.0
FISCAALVOORDEELPLAN,20,1.0
FISCAALVOORDEELPLAN,21,1.0
FISCAALVOORDEELPLAN,22,1.0
FISCAALVOORDEELPLAN,23,1.0
FISCAALVOORDEELPLAN,24,1.0
FISCAALVOORDEELPLAN,25,1.0
FISCAALVOORDEELPLAN,26,1.0
FISCAALVOORDEELPLAN,27,1.0
FISCAALVOORDEELPLAN,28,1.0
FISCAALVOORDEELPLAN,29,1.0
FISCAALVOORDEELPLAN,30,1.0
FISCAALVOORDEELPLAN,31,1.0
FP_1,0,1.0
FP_1,1,1.0
FP_1,2,1.0
FP_1,3,1.0
FP_1,4,1.0
FP_1,5,1.0
FP_1,6,1.0
FP_1,7,1.0
FP_1,8,1.0
FP_1,9,1.0
FP_1,10,1.0
FP_1,11,1.0
FP_1,12,1.0
FP_1,13,1.0
FP_1,14,1.0
FP_1,15,1.0
FP_1,16,1.0
FP_1,17,1.0
FP_1,18,1.0
FP_1,19,1.0
FP_1,20,1.0
FP_1,21,1.0
FP_1,22,1.0
FP_1,23,1.0
FP_1,24,1.0
FP_1,25,1.0
FP_1,26,1.0
FP_1,27,1.0
FP_1,28,1.0
FP_1,29,1.0
FP_1,30,1.0
FP_1,31,1.0
FP_2,0,1.0
FP_2,1,1.0
FP_2,2,1.0
FP_2,3,1.0
FP_2,4,1.0
FP_2,5,1.0
FP_2,6,1.0
FP_2,7,1.0
FP_2,8,1.0
FP_2,9,1.0
FP_2,10,1.0
FP_2,11,1.0
FP_2,12,1.0
FP_2,13,1.0
FP_2,14,1.0
FP_2,15,1.0
FP_2,16,1.0
FP_2,17,1.0
FP_2,18,1.0
FP_2,19,1.0
FP_2,20,1.0
FP_2,21,1.0
FP_2,22,1.0
FP_2,23,1.0
FP_2,24,1.0
FP_2,25,1.0
FP_2,26,1.0
FP_2,27,1.0
FP_2,28,1.0
FP_2,29,1.0
FP_2,30,1.0
FP_2,31,1.0
FP_3,0,1.0
FP_3,1,1.0
FP_3,2,1.0
FP_3,3,1.0
FP_3,4,1.0
FP_3,5,1.0
FP_3,6,1.0
FP_3,7,1.0
FP_3,8,1.0
FP_3,9,1.0
FP_3,10,1.0
FP_3,11,1.0
FP_3,12,1.0
FP_3,13,1.0
FP_3,14,1.0
FP_3,15,1.0
FP_3,16,1.0
FP_3,17,1.0
FP_3,18,1.0
FP_3,19,1.0
FP_3,20,1.0
FP_3,21,1.0
FP_3,22,1.0
FP_3,23,1.0
FP_3,24,1.0
FP_3,25,1.0
FP_3,26,1.0
FP_3,27,1.0
FP_3,28,1.0
FP_3,29,1.0
FP_3,30,1.0
FP_3,31,1.0
FP_4,0,1.0
FP_4,1,1.0
FP_4,2,1.0
FP_4,3,1.0
FP_4,4,1.0
FP_4,5,1.0
FP_4,6,1.0
FP_4,7,1.0
FP_4,8,1.0
FP_4,9,1.0
FP_4,10,1.0
FP_4,11,1.0
FP_4,12,1.0
FP_4,13,1.0
FP_4,14,1.0
FP_4,15,1.0
FP_4,16,1.0
FP_4,17,1.0
FP_4,18,1.0
FP_4,19,1.0
FP_4,20,1.0
FP_4,21,1.0
FP_4,22,1.0
FP_4,23,1.0
FP_4,24,1.0
FP_4,25,1.0
FP_4,26,1.0
FP_4,27,1.0
FP_4,28,1.0
FP_4,29,1.0
FP_4,30,1.0
FP_4,31,1.0
FP_5,0,1.0
FP_5,1,1.0
FP_5,2,1.0
FP_5,3,1.0
FP_5,4,1.0
FP_5,5,1.0
FP_5,6,1.0
FP_5,7,1.0
FP_5,8,1.0
FP_5,9,1.0
FP_5,10,1.0
FP_5,11,1.0
FP_5,12,1.0
FP_5,13,1.0
FP_5,14,1.0
FP_5,15,1.0
FP_5,16,1.0
FP_5,17,1.0
FP_5,18,1.0
FP_5,19,1.0
FP_5,20,1.0
FP_5,21,1.0
FP_5,22,1.0
FP_5,23,1.0
FP_5,24,1.0
FP_5,25,1.0
FP_5,26,1.0
FP_5,27,1.0
FP_5,28,1.0
FP_5,29,1.0
FP_5,30,1.0
FP_5,31,1.0
FP_6,0,1.0
FP_6,1,1.0
FP_6,2,1.0
FP_6,3,1.0
FP_6,4,1.0
FP_6,5,1.0
FP_6,6,1.0
FP_6,7,1.0
FP_6,8,1.0
FP_6,9,1.0
FP_6,10,1.0
FP_6,11,1.0
FP_6,12,1.0
FP_6,13,1.0
FP_6,14,1.0
FP_6,15,1.0
FP_6,16,1.0
FP_6,17,1.0
FP_6,18,1.0
FP_6,19,1.0
FP_6,20,1.0
FP_6,21,1.0
FP_6,22,1.0
FP_6,23,1.0
FP_6,24,1.0
FP_6,25,1.0
FP_6,26,1.0
FP_6,27,1.0
FP_6,28,1.0
FP_6,29,1.0
FP_6,30,1.0
FP_6,31,1.0
FP_7,0,1.0
FP_7,1,1.0
FP_7,2,1.0
FP_7,3,1.0
FP_7,4,1.0
FP_7,5,1.0
FP_7,6,1.0
FP_7,7,1.0
FP_7,8,1.0
FP_7,9,1.0
FP_7,10,1.0
FP_7,11,1.0
FP_7,12,1.0
FP_7,13,1.0
FP_7,14,1.0
FP_7,15,1.0
FP_7,16,1.0
FP_7,17,1.0
FP_7,18,1.0
FP_7,19,1.0
FP_7,20,1.0
FP_7,21,1.0
FP_7,22,1.0
FP_7,23,1.0
FP_7,24,1.0
FP_7,25,1.0
FP_7,26,1.0
FP_7,27,1.0
FP_7,28,1.0
FP_7,29,1.0
FP_7,30,1.0
FP_7,31,1.0
FP_8,0,1.0
FP_8,1,1.0
FP_8,2,1.0
FP_8,3,1.0
FP_8,4,1.0
FP_8,5,1.0
FP_8,6,1.0
FP_8,7,1.0
FP_8,8,1.0
FP_8,9,1.0
FP_8,10,1.0
FP_8,11,1.0
FP_8,12,1.0
FP_8,13,1.0
FP_8,14,1.0
FP_8,15,1.0
FP_8,16,1.0
FP_8,17,1.0
FP_8,18,1.0
FP_8,19,1.0
FP_8,20,1.0
FP_8,21,1.0
FP_8,22,1.0
FP_8,23,1.0
FP_8,24,1.0
FP_8,25,1.0
FP_8,26,1.0
FP_8,27,1.0
FP_8,28,1.0
FP_8,29,1.0
FP_8,30,1.0
FP_8,31,1.0
GARANTIEPLAN,0,1.0
GARANTIEPLAN,1,1.0
GARANTIEPLAN,2,1.0
GARANTIEPLAN,3,1.0
GARANTIEPLAN,4,1.0
GARANTIEPLAN,5,1.0
GARANTIEPLAN,6,1.0
GARANTIEPLAN,7,1.0
GARANTIEPLAN,8,1.0
GARANTIEPLAN,9,1.0
GARANTIEPLAN,10,1.0
GARANTIEPLAN,11,1.0
GARANTIEPLAN,12,1.0
GARANTIEPLAN,13,1.0
GARANTIEPLAN,14,1.0
GARANTIEPLAN,15,1.0
GARANTIEPLAN,16,1.0
GARANTIEPLAN,17,1.0
GARANTIEPLAN,18,1.0
GARANTIEPLAN,19,1.0
GARANTIEPLAN,20,1.0
GARANTIEPLAN,21,1.0
GARANTIEPLAN,22,1.0
GARANTIEPLAN,23,1.0
GARANTIEPLAN,24,1.0
GARANTIEPLAN,25,1.0
GARANTIEPLAN,26,1.0
GARANTIEPLAN,27,1.0
GARANTIEPLAN,28,1.0
GARANTIEPLAN,29,1.0
GARANTIEPLAN,30,1.0
GARANTIEPLAN,31,1.0
GOUDENHANDDRUK,0,1.0
GOUDENHANDDRUK,1,1.0
GOUDENHANDDRUK,2,1.0
GOUDENHANDDRUK,3,1.0
GOUDENHANDDRUK,4,1.0
GOUDENHANDDRUK,5,1.0
GOUDENHANDDRUK,6,1.0
GOUDENHANDDRUK,7,1.0
GOUDENHANDDRUK,8,1.0
GOUDENHANDDRUK,9,1.0
GOUDENHANDDRUK,10,1.0
GOUDENHANDDRUK,11,1.0
GOUDENHANDDRUK,12,1.0
GOUDENHANDDRUK,13,1.0
GOUDENHANDDRUK,14,1.0
GOUDENHANDDRUK,15,1.0
GOUDENHANDDRUK,16,1.0
GOUDENHANDDRUK,17,1.0
GOUDENHANDDRUK,18,1.0
GOUDENHANDDRUK,19,1.0
GOUDENHANDDRUK,20,1.0
GOUDENHANDDRUK,21,1.0
GOUDENHANDDRUK,22,1.0
GOUDENHANDDRUK,23,1.0
GOUDENHANDDRUK,24,1.0
GOUDENHANDDRUK,25,1.0
GOUDENHANDDRUK,26,1.0
GOUDENHANDDRUK,27,1.0
GOUDENHANDDRUK,28,1.0
GOUDENHANDDRUK,29,1.0
GOUDENHANDDRUK,30,1.0
GOUDENHANDDRUK,31,1.0
HYPOTHEEK,0,1.0
HYPOTHEEK,1,1.0
HYPOTHEEK,2,1.0
HYPOTHEEK,3,1.0
HYPOTHEEK,4,1.0
HYPOTHEEK,5,1.0
HYPOTHEEK,6,1.0
HYPOTHEEK,7,1.0
HYPOTHEEK,8,1.0
HYPOTHEEK,9,1.0
HYPOTHEEK,10,1.0
HYPOTHEEK,11,1.0
HYPOTHEEK,12,1.0
HYPOTHEEK,13,1.0
HYPOTHEEK,14,1.0
HYPOTHEEK,15,1.0
HYPOTHEEK,16,1.0
HYPOTHEEK,17,1.0
HYPOTHEEK,18,1.0
HYPOTHEEK,19,1.0
HYPOTHEEK,20,1.0
HYPOTHEEK,21,1.0
HYPOTHEEK,22,1.0
HYPOTHEEK,23,1.0
HYPOTHEEK,24,1.0
HYPOTHEEK,25,1.0
HYPOTHEEK,26,1.0
HYPOTHEEK,27,1.0
HYPOTHEEK,28,1.0
HYPOTHEEK,29,1.0
HYPOTHEEK,30,1.0
HYPOTHEEK,31,1.0
KAPITAAL,0,1.0
KAPITAAL,1,1.0
KAPITAAL,2,1.0
KAPITAAL,3,1.0
KAPITAAL,4,1.0
KAPITAAL,5,1.0
KAPITAAL,6,1.0
KAPITAAL,7,1.0
KAPITAAL,8,1.0
KAPITAAL,9,1.0
KAPITAAL,10,1.0
KAPITAAL,11,1.0
KAPITAAL,12,1.0
KAPITAAL,13,1.0
KAPITAAL,14,1.0
KAPITAAL,15,1.0
KAPITAAL,16,1.0
KAPITAAL,17,1.0
KAPITAAL,18,1.0
KAPITAAL,19,1.0
KAPITAAL,20,1.0
KAPITAAL,21,1.0
KAPITAAL,22,1.0
KAPITAAL,23,1.0
KAPITAAL,24,1.0
KAPITAAL,25,1.0
KAPITAAL,26,1.0
KAPITAAL,27,1.0
KAPITAAL,28,1.0
KAPITAAL,29,1.0
KAPITAAL,30,1.0
KAPITAAL,31,1.0
KAPITAALPLAN,0,1.0
KAPITAALPLAN,1,1.0
KAPITAALPLAN,2,1.0
KAPITAALPLAN,3,1.0
KAPITAALPLAN,4,1.0
KAPITAALPLAN,5,1.0
KAPITAALPLAN,6,1.0
KAPITAALPLAN,7,1.0
KAPITAALPLAN,8,1.0
KAPITAALPLAN,9,1.0
KAPITAALPLAN,10,1.0
KAPITAALPLAN,11,1.0
KAPITAALPLAN,12,1.0
KAPITAALPLAN,13,1.0
KAPITAALPLAN,14,1.0
KAPITAALPLAN,15,1.0
KAPITAALPLAN,16,1.0
KAPITAALPLAN,17,1.0
KAPITAALPLAN,18,1.0
KAPITAALPLAN,19,1.0
KAPITAALPLAN,20,1.0
KAPITAALPLAN,21,1.0
KAPITAALPLAN,22,1.0
KAPITAALPLAN,23,1.0
KAPITAALPLAN,24,1.0
KAPITAALPLAN,25,1.0
KAPITAALPLAN,26,1.0
KAPITAALPLAN,27,1.0
KAPITAALPLAN,28,1.0
KAPITAALPLAN,29,1.0
KAPITAALPLAN,30,1.0
KAPITAALPLAN,31,1.0
KOERSPLAN,0,1.0
KOERSPLAN,1,1.0
KOERSPLAN,2,1.0
KOERSPLAN,3,1.0
KOERSPLAN,4,1.0
KOERSPLAN,5,1.0
KOERSPLAN,6,1.0
KOERSPLAN,7,1.0
KOERSPLAN,8,1.0
KOERSPLAN,9,1.0
KOERSPLAN,10,1.0
KOERSPLAN,11,1.0
KOERSPLAN,12,1.0
KOERSPLAN,13,1.0
KOERSPLAN,14,1.0
KOERSPLAN,15,1.0
KOERSPLAN,16,1.0
KOERSPLAN,17,1.0
KOERSPLAN,18,1.0
KOERSPLAN,19,1.0
KOERSPLAN,20,1.0
KOERSPLAN,21,1.0
KOERSPLAN,22,1.0
KOERSPLAN,23,1.0
KOERSPLAN,24,1.0
KOERSPLAN,25,1.0
KOERSPLAN,26,1.0
KOERSPLAN,27,1.0
KOERSPLAN,28,1.0
KOERSPLAN,29,1.0
KOERSPLAN,30,1.0
KOERSPLAN,31,1.0
KOOPSOM,0,1.0
KOOPSOM,1,1.0
KOOPSOM,2,1.0
KOOPSOM,3,1.0
KOOPSOM,4,1.0
KOOPSOM,5,1.0
KOOPSOM,6,1.0
KOOPSOM,7,1.0
KOOPSOM,8,1.0
KOOPSOM,9,1.0
KOOPSOM,10,1.0
KOOPSOM,11,1.0
KOOPSOM,12,1.0
KOOPSOM,13,1.0
KOOPSOM,14,1.0
KOOPSOM,15,1.0
KOOPSOM,16,1.0
KOOPSOM,17,1.0
KOOPSOM,18,1.0
KOOPSOM,19,1.0
KOOPSOM,20,1.0
KOOPSOM,21,1.0
KOOPSOM,22,1.0
KOOPSOM,23,1.0
KOOPSOM,24,1.0
KOOPSOM,25,1.0
KOOPSOM,26,1.0
KOOPSOM,27,1.0
KOOPSOM,28,1.0
KOOPSOM,29,1.0
KOOPSOM,30,1.0
KOOPSOM,31,1.0
LIJFRENTE,0,1.0
LIJFRENTE,1,1.0
LIJFRENTE,2,1.0
LIJFRENTE,3,1.0
LIJFRENTE,4,1.0
LIJFRENTE,5,1.0
LIJFRENTE,6,1.0
LIJFRENTE,7,1.0
LIJFRENTE,8,1.0
LIJFRENTE,9,1.0
LIJFRENTE,10,1.0
LIJFRENTE,11,1.0
LIJFRENTE,12,1.0
LIJFRENTE,13,1.0
LIJFRENTE,14,1.0
LIJFRENTE,15,1.0
LIJFRENTE,16,1.0
LIJFRENTE,17,1.0
LIJFRENTE,18,1.0
LIJFRENTE,19,1.0
LIJFRENTE,20,1.0
LIJFRENTE,21,1.0
LIJFRENTE,22,1.0
LIJFRENTE,23,1.0
LIJFRENTE,24,1.0
LIJFRENTE,25,1.0
LIJFRENTE,26,1.0
LIJFRENTE,27,1.0
LIJFRENTE,28,1.0
LIJFRENTE,29,1.0
LIJFRENTE,30,1.0
LIJFRENTE,31,1.0
LLH,0,1.0
LLH,1,1.0
LLH,2,1.0
LLH,3,1.0
LLH,4,1.0
LLH,5,1.0
LLH,6,1.0
LLH,7,1.0
LLH,8,1.0
LLH,9,1.0
LLH,10,1.0
LLH,11,1.0
LLH,12,1.0
LLH,13,1.0
LLH,14,1.0
LLH,15,1.0
LLH,16,1.0
LLH,17,1.0
LLH,18,1.0
LLH,19,1.0
LLH,20,1.0
LLH,21,1.0
LLH,22,1.0
LLH,23,1.0
LLH,24,1.0
LLH,25,1.0
LLH,26,1.0
LLH,27,1.0
LLH,28,1.0
LLH,29,1.0
LLH,30,1.0
LLH,31,1.0
LLI,0,1.0
LLI,1,1.0
LLI,2,1.0
LLI,3,1.0
LLI,4,1.0
LLI,5,1.0
LLI,6,1.0
LLI,7,1.0
LLI,8,1.0
LLI,9,1.0
LLI,10,1.0
LLI,11,1.0
LLI,12,1.0
LLI,13,1.0
LLI,14,1.0
LLI,15,1.0
LLI,16,1.0
LLI,17,1.0
LLI,18,1.0
LLI,19,1.0
LLI,20,1.0
LLI,21,1.0
LLI,22,1.0
LLI,23,1.0
LLI,24,1.0
LLI,25,1.0
LLI,26,1.0
LLI,27,1.0
LLI,28,1.0
LLI,29,1.0
LLI,30,1.0
LLI,31,1.0
LLJ,0,1.0
LLJ,1,1.0
LLJ,2,1.0
LLJ,3,1.0
LLJ,4,1.0
LLJ,5,1.0
LLJ,6,1.0
LLJ,7,1.0
LLJ,8,1.0
LLJ,9,1.0
LLJ,10,1.0
LLJ,11,1.0
LLJ,12,1.0
LLJ,13,1.0
LLJ,14,1.0
LLJ,15,1.0
LLJ,16,1.0
LLJ,17,1.0
LLJ,18,1.0
LLJ,19,1.0
LLJ,20,1.0
LLJ,21,1.0
LLJ,22,1.0
LLJ,23,1.0
LLJ,24,1.0
LLJ,25,1.0
LLJ,26,1.0
LLJ,27,1.0
LLJ,28,1.0
LLJ,29,1.0
LLJ,30,1.0
LLJ,31,1.0
LLK,0,1.0
LLK,1,1.0
LLK,2,1.0
LLK,3,1.0
LLK,4,1.0
LLK,5,1.0
LLK,6,1.0
LLK,7,1.0
LLK,8,1.0
LLK,9,1.0
LLK,10,1.0
LLK,11,1.0
LLK,12,1.0
LLK,13,1.0
LLK,14,1.0
LLK,15,1.0
LLK,16,1.0
LLK,17,1.0
LLK,18,1.0
LLK,19,1.0
LLK,20,1.0
LLK,21,1.0
LLK,22,1.0
LLK,23,1.0
LLK,24,1.0
LLK,25,1.0
LLK,26,1.0
LLK,27,1.0
LLK,28,1.0
LLK,29,1.0
LLK,30,1.0
LLK,31,1.0
LLP,0,1.0
LLP,1,1.0
LLP,2,1.0
LLP,3,1.0
LLP,4,1.0
LLP,5,1.0
LLP,6,1.0
LLP,7,1.0
LLP,8,1.0
LLP,9,1.0
LLP,10,1.0
LLP,11,1.0
LLP,12,1.0
LLP,13,1.0
LLP,14,1.0
LLP,15,1.0
LLP,16,1.0
LLP,17,1.0
LLP,18,1.0
LLP,19,1.0
LLP,20,1.0
LLP,21,1.0
LLP,22,1.0
LLP,23,1.0
LLP,24,1.0
LLP,25,1.0
LLP,26,1.0
LLP,27,1.0
LLP,28,1.0
LLP,29,1.0
LLP,30,1.0
LLP,31,1.0
LLV,0,1.0
LLV,1,1.0
LLV,2,1.0
LLV,3,1.0
LLV,4,1.0
LLV,5,1.0
LLV,6,1.0
LLV,7,1.0
LLV,8,1.0
LLV,9,1.0
LLV,10,1.0
LLV,11,1.0
LLV,12,1.0
LLV,13,1.0
LLV,14,1.0
LLV,15,1.0
LLV,16,1.0
LLV,17,1.0
LLV,18,1.0
LLV,19,1.0
LLV,20,1.0
LLV,21,1.0
LLV,22,1.0
LLV,23,1.0
LLV,24,1.0
LLV,25,1.0
LLV,26,1.0
LLV,27,1.0
LLV,28,1.0
LLV,29,1.0
LLV,30,1.0
LLV,31,1.0
LLW,0,1.0
LLW,1,1.0
LLW,2,1.0
LLW,3,1.0
LLW,4,1.0
LLW,5,1.0
LLW,6,1.0
LLW,7,1.0
LLW,8,1.0
LLW,9,1.0
LLW,10,1.0
LLW,11,1.0
LLW,12,1.0
LLW,13,1.0
LLW,14,1.0
LLW,15,1.0
LLW,16,1.0
LLW,17,1.0
LLW,18,1.0
LLW,19,1.0
LLW,20,1.0
LLW,21,1.0
LLW,22,1.0
LLW,23,1.0
LLW,24,1.0
LLW,25,1.0
LLW,26,1.0
LLW,27,1.0
LLW,28,1.0
LLW,29,1.0
LLW,30,1.0
LLW,31,1.0
MM_CP,0,1.0
MM_CP,1,1.0
MM_CP,2,1.0
MM_CP,3,1.0
MM_CP,4,1.0
MM_CP,5,1.0
MM_CP,6,1.0
MM_CP,7,1.0
MM_CP,8,1.0
MM_CP,9,1.0
MM_CP,10,1.0
MM_CP,11,1.0
MM_CP,12,1.0
MM_CP,13,1.0
MM_CP,14,1.0
MM_CP,15,1.0
MM_CP,16,1.0
MM_CP,17,1.0
MM_CP,18,1.0
MM_CP,19,1.0
MM_CP,20,1.0
MM_CP,21,1.0
MM_CP,22,1.0
MM_CP,23,1.0
MM_CP,24,1.0
MM_CP,25,1.0
MM_CP,26,1.0
MM_CP,27,1.0
MM_CP,28,1.0
MM_CP,29,1.0
MM_CP,30,1.0
MM_CP,31,1.0
MM_EP,0,1.0
MM_EP,1,1.0
MM_EP,2,1.0
MM_EP,3,1.0
MM_EP,4,1.0
MM_EP,5,1.0
MM_EP,6,1.0
MM_EP,7,1.0
MM_EP,8,1.0
MM_EP,9,1.0
MM_EP,10,1.0
MM_EP,11,1.0
MM_EP,12,1.0
MM_EP,13,1.0
MM_EP,14,1.0
MM_EP,15,1.0
MM_EP,16,1.0
MM_EP,17,1.0
MM_EP,18,1.0
MM_EP,19,1.0
MM_EP,20,1.0
MM_EP,21,1.0
MM_EP,22,1.0
MM_EP,23,1.0
MM_EP,24,1.0
MM_EP,25,1.0
MM_EP,26,1.0
MM_EP,27,1.0
MM_EP,28,1.0
MM_EP,29,1.0
MM_EP,30,1.0
MM_EP,31,1.0
MM_KP,0,1.0
MM_KP,1,1.0
MM_KP,2,1.0
MM_KP,3,1.0
MM_KP,4,1.0
MM_KP,5,1.0
MM_KP,6,1.0
MM_KP,7,1.0
MM_KP,8,1.0
MM_KP,9,1.0
MM_KP,10,1.0
MM_KP,11,1.0
MM_KP,12,1.0
MM_KP,13,1.0
MM_KP,14,1.0
MM_KP,15,1.0
MM_KP,16,1.0
MM_KP,17,1.0
MM_KP,18,1.0
MM_KP,19,1.0
MM_KP,20,1.0
MM_KP,21,1.0
MM_KP,22,1.0
MM_KP,23,1.0
MM_KP,24,1.0
MM_KP,25,1.0
MM_KP,26,1.0
MM_KP,27,1.0
MM_KP,28,1.0
MM_KP,29,1.0
MM_KP,30,1.0
MM_KP,31,1.0
NETTO_LIJFRENTE,0,1.0
NETTO_LIJFRENTE,1,1.0
NETTO_LIJFRENTE,2,1.0
NETTO_LIJFRENTE,3,1.0
NETTO_LIJFRENTE,4,1.0
NETTO_LIJFRENTE,5,1.0
NETTO_LIJFRENTE,6,1.0
NETTO_LIJFRENTE,7,1.0
NETTO_LIJFRENTE,8,1.0
NETTO_LIJFRENTE,9,1.0
NETTO_LIJFRENTE,10,1.0
NETTO_LIJFRENTE,11,1.0
NETTO_LIJFRENTE,12,1.0
NETTO_LIJFRENTE,13,1.0
NETTO_LIJFRENTE,14,1.0
NETTO_LIJFRENTE,15,1.0
NETTO_LIJFRENTE,16,1.0
NETTO_LIJFRENTE,17,1.0
NETTO_LIJFRENTE,18,1.0
NETTO_LIJFRENTE,19,1.0
NETTO_LIJFRENTE,20,1.0
NETTO_LIJFRENTE,21,1.0
NETTO_LIJFRENTE,22,1.0
NETTO_LIJFRENTE,23,1.0
NETTO_LIJFRENTE,24,1.0
NETTO_LIJFRENTE,25,1.0
NETTO_LIJFRENTE,26,1.0
NETTO_LIJFRENTE,27,1.0
NETTO_LIJFRENTE,28,1.0
NETTO_LIJFRENTE,29,1.0
NETTO_LIJFRENTE,30,1.0
NETTO_LIJFRENTE,31,1.0
OR_1,0,1.0
OR_1,1,1.0
OR_1,2,1.0
OR_1,3,1.0
OR_1,4,1.0
OR_1,5,1.0
OR_1,6,1.0
OR_1,7,1.0
OR_1,8,1.0
OR_1,9,1.0
OR_1,10,1.0
OR_1,11,1.0
OR_1,12,1.0
OR_1,13,1.0
OR_1,14,1.0
OR_1,15,1.0
OR_1,16,1.0
OR_1,17,1.0
OR_1,18,1.0
OR_1,19,1.0
OR_1,20,1.0
OR_1,21,1.0
OR_1,22,1.0
OR_1,23,1.0
OR_1,24,1.0
OR_1,25,1.0
OR_1,26,1.0
OR_1,27,1.0
OR_1,28,1.0
OR_1,29,1.0
OR_1,30,1.0
OR_1,31,1.0
OR_2,0,1.0
OR_2,1,1.0
OR_2,2,1.0
OR_2,3,1.0
OR_2,4,1.0
OR_2,5,1.0
OR_2,6,1.0
OR_2,7,1.0
OR_2,8,1.0
OR_2,9,1.0
OR_2,10,1.0
OR_2,11,1.0
OR_2,12,1.0
OR_2,13,1.0
OR_2,14,1.0
OR_2,15,1.0
OR_2,16,1.0
OR_2,17,1.0
OR_2,18,1.0
OR_2,19,1.0
OR_2,20,1.0
OR_2,21,1.0
OR_2,22,1.0
OR_2,23,1.0
OR_2,24,1.0
OR_2,25,1.0
OR_2,26,1.0
OR_2,27,1.0
OR_2,28,1.0
OR_2,29,1.0
OR_2,30,1.0
OR_2,31,1.0
OR_3,0,1.0
OR_3,1,1.0
OR_3,2,1.0
OR_3,3,1.0
OR_3,4,1.0
OR_3,5,1.0
OR_3,6,1.0
OR_3,7,1.0
OR_3,8,1.0
OR_3,9,1.0
OR_3,10,1.0
OR_3,11,1.0
OR_3,12,1.0
OR_3,13,1.0
OR_3,14,1.0
OR_3,15,1.0
OR_3,16,1.0
OR_3,17,1.0
OR_3,18,1.0
OR_3,19,1.0
OR_3,20,1.0
OR_3,21,1.0
OR_3,22,1.0
OR_3,23,1.0
OR_3,24,1.0
OR_3,25,1.0
OR_3,26,1.0
OR_3,27,1.0
OR_3,28,1.0
OR_3,29,1.0
OR_3,30,1.0
OR_3,31,1.0
OR_4,0,1.0
OR_4,1,1.0
OR_4,2,1.0
OR_4,3,1.0
OR_4,4,1.0
OR_4,5,1.0
OR_4,6,1.0
OR_4,7,1.0
OR_4,8,1.0
OR_4,9,1.0
OR_4,10,1.0
OR_4,11,1.0
OR_4,12,1.0
OR_4,13,1.0
OR_4,14,1.0
OR_4,15,1.0
OR_4,16,1.0
OR_4,17,1.0
OR_4,18,1.0
OR_4,19,1.0
OR_4,20,1.0
OR_4,21,1.0
OR_4,22,1.0
OR_4,23,1.0
OR_4,24,1.0
OR_4,25,1.0
OR_4,26,1.0
OR_4,27,1.0
OR_4,28,1.0
OR_4,29,1.0
OR_4,30,1.0
OR_4,31,1.0
OR_5,0,1.0
OR_5,1,1.0
OR_5,2,1.0
OR_5,3,1.0
OR_5,4,1.0
OR_5,5,1.0
OR_5,6,1.0
OR_5,7,1.0
OR_5,8,1.0
OR_5,9,1.0
OR_5,10,1.0
OR_5,11,1.0
OR_5,12,1.0
OR_5,13,1.0
OR_5,14,1.0
OR_5,15,1.0
OR_5,16,1.0
OR_5,17,1.0
OR_5,18,1.0
OR_5,19,1.0
OR_5,20,1.0
OR_5,21,1.0
OR_5,22,1.0
OR_5,23,1.0
OR_5,24,1.0
OR_5,25,1.0
OR_5,26,1.0
OR_5,27,1.0
OR_5,28,1.0
OR_5,29,1.0
OR_5,30,1.0
OR_5,31,1.0
OR_6,0,1.0
OR_6,1,1.0
OR_6,2,1.0
OR_6,3,1.0
OR_6,4,1.0
OR_6,5,1.0
OR_6,6,1.0
OR_6,7,1.0
OR_6,8,1.0
OR_6,9,1.0
OR_6,10,1.0
OR_6,11,1.0
OR_6,12,1.0
OR_6,13,1.0
OR_6,14,1.0
OR_6,15,1.0
OR_6,16,1.0
OR_6,17,1.0
OR_6,18,1.0
OR_6,19,1.0
OR_6,20,1.0
OR_6,21,1.0
OR_6,22,1.0
OR_6,23,1.0
OR_6,24,1.0
OR_6,25,1.0
OR_6,26,1.0
OR_6,27,1.0
OR_6,28,1.0
OR_6,29,1.0
OR_6,30,1.0
OR_6,31,1.0
OR_7,0,1.0
OR_7,1,1.0
OR_7,2,1.0
OR_7,3,1.0
OR_7,4,1.0
OR_7,5,1.0
OR_7,6,1.0
OR_7,7,1.0
OR_7,8,1.0
OR_7,9,1.0
OR_7,10,1.0
OR_7,11,1.0
OR_7,12,1.0
OR_7,13,1.0
OR_7,14,1.0
OR_7,15,1.0
OR_7,16,1.0
OR_7,17,1.0
OR_7,18,1.0
OR_7,19,1.0
OR_7,20,1.0
OR_7,21,1.0
OR_7,22,1.0
OR_7,23,1.0
OR_7,24,1.0
OR_7,25,1.0
OR_7,26,1.0
OR_7,27,1.0
OR_7,28,1.0
OR_7,29,1.0
OR_7,30,1.0
OR_7,31,1.0
OR_8,0,1.0
OR_8,1,1.0
OR_8,2,1.0
OR_8,3,1.0
OR_8,4,1.0
OR_8,5,1.0
OR_8,6,1.0
OR_8,7,1.0
OR_8,8,1.0
OR_8,9,1.0
OR_8,10,1.0
OR_8,11,1.0
OR_8,12,1.0
OR_8,13,1.0
OR_8,14,1.0
OR_8,15,1.0
OR_8,16,1.0
OR_8,17,1.0
OR_8,18,1.0
OR_8,19,1.0
OR_8,20,1.0
OR_8,21,1.0
OR_8,22,1.0
OR_8,23,1.0
OR_8,24,1.0
OR_8,25,1.0
OR_8,26,1.0
OR_8,27,1.0
OR_8,28,1.0
OR_8,29,1.0
OR_8,30,1.0
OR_8,31,1.0
OVERIG_GELIJKBLIJVEND,0,1.0
OVERIG_GELIJKBLIJVEND,1,1.0
OVERIG_GELIJKBLIJVEND,2,1.0
OVERIG_GELIJKBLIJVEND,3,1.0
OVERIG_GELIJKBLIJVEND,4,1.0
OVERIG_GELIJKBLIJVEND,5,1.0
OVERIG_GELIJKBLIJVEND,6,1.0
OVERIG_GELIJKBLIJVEND,7,1.0
OVERIG_GELIJKBLIJVEND,8,1.0
OVERIG_GELIJKBLIJVEND,9,1.0
OVERIG_GELIJKBLIJVEND,10,1.0
OVERIG_GELIJKBLIJVEND,11,1.0
OVERIG_GELIJKBLIJVEND,12,1.0
OVERIG_GELIJKBLIJVEND,13,1.0
OVERIG_GELIJKBLIJVEND,14,1.0
OVERIG_GELIJKBLIJVEND,15,1.0
OVERIG_GELIJKBLIJVEND,16,1.0
OVERIG_GELIJKBLIJVEND,17,1.0
OVERIG_GELIJKBLIJVEND,18,1.0
OVERIG_GELIJKBLIJVEND,19,1.0
OVERIG_GELIJKBLIJVEND,20,1.0
OVERIG_GELIJKBLIJVEND,21,1.0
OVERIG_GELIJKBLIJVEND,22,1.0
OVERIG_GELIJKBLIJVEND,23,1.0
OVERIG_GELIJKBLIJVEND,24,1.0
OVERIG_GELIJKBLIJVEND,25,1.0
OVERIG_GELIJKBLIJVEND,26,1.0
OVERIG_GELIJKBLIJVEND,27,1.0
OVERIG_GELIJKBLIJVEND,28,1.0
OVERIG_GELIJKBLIJVEND,29,1.0
OVERIG_GELIJKBLIJVEND,30,1.0
OVERIG_GELIJKBLIJVEND,31,1.0
OVERIG_STIJGEND,0,1.0
OVERIG_STIJGEND,1,1.0
OVERIG_STIJGEND,2,1.0
OVERIG_STIJGEND,3,1.0
OVERIG_STIJGEND,4,1.0
OVERIG_STIJGEND,5,1.0
OVERIG_STIJGEND,6,1.0
OVERIG_STIJGEND,7,1.0
OVERIG_STIJGEND,8,1.0
OVERIG_STIJGEND,9,1.0
OVERIG_STIJGEND,10,1.0
OVERIG_STIJGEND,11,1.0
OVERIG_STIJGEND,12,1.0
OVERIG_STIJGEND,13,1.0
OVERIG_STIJGEND,14,1.0
OVERIG_STIJGEND,15,1.0
OVERIG_STIJGEND,16,1.0
OVERIG_STIJGEND,17,1.0
OVERIG_STIJGEND,18,1.0
OVERIG_STIJGEND,19,1.0
OVERIG_STIJGEND,20,1.0
OVERIG_STIJGEND,21,1.0
OVERIG_STIJGEND,22,1.0
OVERIG_STIJGEND,23,1.0
OVERIG_STIJGEND,24,1.0
OVERIG_STIJGEND,25,1.0
OVERIG_STIJGEND,26,1.0
OVERIG_STIJGEND,27,1.0
OVERIG_STIJGEND,28,1.0
OVERIG_STIJGEND,29,1.0
OVERIG_STIJGEND,30,1.0
OVERIG_STIJGEND,31,1.0
PENCOM,0,1.0
PENCOM,1,1.0
PENCOM,2,1.0
PENCOM,3,1.0
PENCOM,4,1.0
PENCOM,5,1.0
PENCOM,6,1.0
PENCOM,7,1.0
PENCOM,8,1.0
PENCOM,9,1.0
PENCOM,10,1.0
PENCOM,11,1.0
PENCOM,12,1.0
PENCOM,13,1.0
PENCOM,14,1.0
PENCOM,15,1.0
PENCOM,16,1.0
PENCOM,17,1.0
PENCOM,18,1.0
PENCOM,19,1.0
PENCOM,20,1.0
PENCOM,21,1.0
PENCOM,22,1.0
PENCOM,23,1.0
PENCOM,24,1.0
PENCOM,25,1.0
PENCOM,26,1.0
PENCOM,27,1.0
PENCOM,28,1.0
PENCOM,29,1.0
PENCOM,30,1.0
PENCOM,31,1.0
PENSIOEN,0,1.0
PENSIOEN,1,1.0
PENSIOEN,2,1.0
PENSIOEN,3,1.0
PENSIOEN,4,1.0
PENSIOEN,5,1.0
PENSIOEN,6,1.0
PENSIOEN,7,1.0
PENSIOEN,8,1.0
PENSIOEN,9,1.0
PENSIOEN,10,1.0
PENSIOEN,11,1.0
PENSIOEN,12,1.0
PENSIOEN,13,1.0
PENSIOEN,14,1.0
PENSIOEN,15,1.0
PENSIOEN,16,1.0
PENSIOEN,17,1.0
PENSIOEN,18,1.0
PENSIOEN,19,1.0
PENSIOEN,20,1.0
PENSIOEN,21,1.0
PENSIOEN,22,1.0
PENSIOEN,23,1.0
PENSIOEN,24,1.0
PENSIOEN,25,1.0
PENSIOEN,26,1.0
PENSIOEN,27,1.0
PENSIOEN,28,1.0
PENSIOEN,29,1.0
PENSIOEN,30,1.0
PENSIOEN,31,1.0
PENSIOENPLUS,0,1.0
PENSIOENPLUS,1,1.0
PENSIOENPLUS,2,1.0
PENSIOENPLUS,3,1.0
PENSIOENPLUS,4,1.0
PENSIOENPLUS,5,1.0
PENSIOENPLUS,6,1.0
PENSIOENPLUS,7,1.0
PENSIOENPLUS,8,1.0
PENSIOENPLUS,9,1.0
PENSIOENPLUS,10,1.0
PENSIOENPLUS,11,1.0
PENSIOENPLUS,12,1.0
PENSIOENPLUS,13,1.0
PENSIOENPLUS,14,1.0
PENSIOENPLUS,15,1.0
PENSIOENPLUS,16,1.0
PENSIOENPLUS,17,1.0
PENSIOENPLUS,18,1.0
PENSIOENPLUS,19,1.0
PENSIOENPLUS,20,1.0
PENSIOENPLUS,21,1.0
PENSIOENPLUS,22,1.0
PENSIOENPLUS,23,1.0
PENSIOENPLUS,24,1.0
PENSIOENPLUS,25,1.0
PENSIOENPLUS,26,1.0
PENSIOENPLUS,27,1.0
PENSIOENPLUS,28,1.0
PENSIOENPLUS,29,1.0
PENSIOENPLUS,30,1.0
PENSIOENPLUS,31,1.0
RISICO,0,1.0
RISICO,1,1.0
RISICO,2,1.0
RISICO,3,1.0
RISICO,4,1.0
RISICO,5,1.0
RISICO,6,1.0
RISICO,7,1.0
RISICO,8,1.0
RISICO,9,1.0
RISICO,10,1.0
RISICO,11,1.0
RISICO,12,1.0
RISICO,13,1.0
RISICO,14,1.0
RISICO,15,1.0
RISICO,16,1.0
RISICO,17,1.0
RISICO,18,1.0
RISICO,19,1.0
RISICO,20,1.0
RISICO,21,1.0
RISICO,22,1.0
RISICO,23,1.0
RISICO,24,1.0
RISICO,25,1.0
RISICO,26,1.0
RISICO,27,1.0
RISICO,28,1.0
RISICO,29,1.0
RISICO,30,1.0
RISICO,31,1.0
SALDO,0,1.0
SALDO,1,1.0
SALDO,2,1.0
SALDO,3,1.0
SALDO,4,1.0
SALDO,5,1.0
SALDO,6,1.0
SALDO,7,1.0
SALDO,8,1.0
SALDO,9,1.0
SALDO,10,1.0
SALDO,11,1.0
SALDO,12,1.0
SALDO,13,1.0
SALDO,14,1.0
SALDO,15,1.0
SALDO,16,1.0
SALDO,17,1.0
SALDO,18,1.0
SALDO,19,1.0
SALDO,20,1.0
SALDO,21,1.0
SALDO,22,1.0
SALDO,23,1.0
SALDO,24,1.0
SALDO,25,1.0
SALDO,26,1.0
SALDO,27,1.0
SALDO,28,1.0
SALDO,29,1.0
SALDO,30,1.0
SALDO,31,1.0
SCHAKELSPAAR,0,1.0
SCHAKELSPAAR,1,1.0
SCHAKELSPAAR,2,1.0
SCHAKELSPAAR,3,1.0
SCHAKELSPAAR,4,1.0
SCHAKELSPAAR,5,1.0
SCHAKELSPAAR,6,1.0
SCHAKELSPAAR,7,1.0
SCHAKELSPAAR,8,1.0
SCHAKELSPAAR,9,1.0
SCHAKELSPAAR,10,1.0
SCHAKELSPAAR,11,1.0
SCHAKELSPAAR,12,1.0
SCHAKELSPAAR,13,1.0
SCHAKELSPAAR,14,1.0
SCHAKELSPAAR,15,1.0
SCHAKELSPAAR,16,1.0
SCHAKELSPAAR,17,1.0
SCHAKELSPAAR,18,1.0
SCHAKELSPAAR,19,1.0
SCHAKELSPAAR,20,1.0
SCHAKELSPAAR,21,1.0
SCHAKELSPAAR,22,1.0
SCHAKELSPAAR,23,1.0
SCHAKELSPAAR,24,1.0
SCHAKELSPAAR,25,1.0
SCHAKELSPAAR,26,1.0
SCHAKELSPAAR,27,1.0
SCHAKELSPAAR,28,1.0
SCHAKELSPAAR,29,1.0
SCHAKELSPAAR,30,1.0
SCHAKELSPAAR,31,1.0
SH_1,0,1.0
SH_1,1,1.0
SH_1,2,1.0
SH_1,3,1.0
SH_1,4,1.0
SH_1,5,1.0
SH_1,6,1.0
SH_1,7,1.0
SH_1,8,1.0
SH_1,9,1.0
SH_1,10,1.0
SH_1,11,1.0
SH_1,12,1.0
SH_1,13,1.0
SH_1,14,1.0
SH_1,15,1.0
SH_1,16,1.0
SH_1,17,1.0
SH_1,18,1.0
SH_1,19,1.0
SH_1,20,1.0
SH_1,21,1.0
SH_1,22,1.0
SH_1,23,1.0
SH_1,24,1.0
SH_1,25,1.0
SH_1,26,1.0
SH_1,27,1.0
SH_1,28,1.0
SH_1,29,1.0
SH_1,30,1.0
SH_1,31,1.0
SH_2,0,1.0
SH_2,1,1.0
SH_2,2,1.0
SH_2,3,1.0
SH_2,4,1.0
SH_2,5,1.0
SH_2,6,1.0
SH_2,7,1.0
SH_2,8,1.0
SH_2,9,1.0
SH_2,10,1.0
SH_2,11,1.0
SH_2,12,1.0
SH_2,13,1.0
SH_2,14,1.0
SH_2,15,1.0
SH_2,16,1.0
SH_2,17,1.0
SH_2,18,1.0
SH_2,19,1.0
SH_2,20,1.0
SH_2,21,1.0
SH_2,22,1.0
SH_2,23,1.0
SH_2,24,1.0
SH_2,25,1.0
SH_2,26,1.0
SH_2,27,1.0
SH_2,28,1.0
SH_2,29,1.0
SH_2,30,1.0
SH_2,31,1.0
SH_3,0,1.0
SH_3,1,1.0
SH_3,2,1.0
SH_3,3,1.0
SH_3,4,1.0
SH_3,5,1.0
SH_3,6,1.0
SH_3,7,1.0
SH_3,8,1.0
SH_3,9,1.0
SH_3,10,1.0
SH_3,11,1.0
SH_3,12,1.0
SH_3,13,1.0
SH_3,14,1.0
SH_3,15,1.0
SH_3,16,1.0
SH_3,17,1.0
SH_3,18,1.0
SH_3,19,1.0
SH_3,20,1.0
SH_3,21,1.0
SH_3,22,1.0
SH_3,23,1.0
SH_3,24,1.0
SH_3,25,1.0
SH_3,26,1.0
SH_3,27,1.0
SH_3,28,1.0
SH_3,29,1.0
SH_3,30,1.0
SH_3,31,1.0
SH_4,0,1.0
SH_4,1,1.0
SH_4,2,1.0
SH_4,3,1.0
SH_4,4,1.0
SH_4,5,1.0
SH_4,6,1.0
SH_4,7,1.0
SH_4,8,1.0
SH_4,9,1.0
SH_4,10,1.0
SH_4,11,1.0
SH_4,12,1.0
SH_4,13,1.0
SH_4,14,1.0
SH_4,15,1.0
SH_4,16,1.0
SH_4,17,1.0
SH_4,18,1.0
SH_4,19,1.0
SH_4,20,1.0
SH_4,21,1.0
SH_4,22,1.0
SH_4,23,1.0
SH_4,24,1.0
SH_4,25,1.0
SH_4,26,1.0
SH_4,27,1.0
SH_4,28,1.0
SH_4,29,1.0
SH_4,30,1.0
SH_4,31,1.0
SH_5,0,1.0
SH_5,1,1.0
SH_5,2,1.0
SH_5,3,1.0
SH_5,4,1.0
SH_5,5,1.0
SH_5,6,1.0
SH_5,7,1.0
SH_5,8,1.0
SH_5,9,1.0
SH_5,10,1.0
SH_5,11,1.0
SH_5,12,1.0
SH_5,13,1.0
SH_5,14,1.0
SH_5,15,1.0
SH_5,16,1.0
SH_5,17,1.0
SH_5,18,1.0
SH_5,19,1.0
SH_5,20,1.0
SH_5,21,1.0
SH_5,22,1.0
SH_5,23,1.0
SH_5,24,1.0
SH_5,25,1.0
SH_5,26,1.0
SH_5,27,1.0
SH_5,28,1.0
SH_5,29,1.0
SH_5,30,1.0
SH_5,31,1.0
SH_6,0,1.0
SH_6,1,1.0
SH_6,2,1.0
SH_6,3,1.0
SH_6,4,1.0
SH_6,5,1.0
SH_6,6,1.0
SH_6,7,1.0
SH_6,8,1.0
SH_6,9,1.0
SH_6,10,1.0
SH_6,11,1.0
SH_6,12,1.0
SH_6,13,1.0
SH_6,14,1.0
SH_6,15,1.0
SH_6,16,1.0
SH_6,17,1.0
SH_6,18,1.0
SH_6,19,1.0
SH_6,20,1.0
SH_6,21,1.0
SH_6,22,1.0
SH_6,23,1.0
SH_6,24,1.0
SH_6,25,1.0
SH_6,26,1.0
SH_6,27,1.0
SH_6,28,1.0
SH_6,29,1.0
SH_6,30,1.0
SH_6,31,1.0
SH_7,0,1.0
SH_7,1,1.0
SH_7,2,1.0
SH_7,3,1.0
SH_7,4,1.0
SH_7,5,1.0
SH_7,6,1.0
SH_7,7,1.0
SH_7,8,1.0
SH_7,9,1.0
SH_7,10,1.0
SH_7,11,1.0
SH_7,12,1.0
SH_7,13,1.0
SH_7,14,1.0
SH_7,15,1.0
SH_7,16,1.0
SH_7,17,1.0
SH_7,18,1.0
SH_7,19,1.0
SH_7,20,1.0
SH_7,21,1.0
SH_7,22,1.0
SH_7,23,1.0
SH_7,24,1.0
SH_7,25,1.0
SH_7,26,1.0
SH_7,27,1.0
SH_7,28,1.0
SH_7,29,1.0
SH_7,30,1.0
SH_7,31,1.0
SH_8,0,1.0
SH_8,1,1.0
SH_8,2,1.0
SH_8,3,1.0
SH_8,4,1.0
SH_8,5,1.0
SH_8,6,1.0
SH_8,7,1.0
SH_8,8,1.0
SH_8,9,1.0
SH_8,10,1.0
SH_8,11,1.0
SH_8,12,1.0
SH_8,13,1.0
SH_8,14,1.0
SH_8,15,1.0
SH_8,16,1.0
SH_8,17,1.0
SH_8,18,1.0
SH_8,19,1.0
SH_8,20,1.0
SH_8,21,1.0
SH_8,22,1.0
SH_8,23,1.0
SH_8,24,1.0
SH_8,25,1.0
SH_8,26,1.0
SH_8,27,1.0
SH_8,28,1.0
SH_8,29,1.0
SH_8,30,1.0
SH_8,31,1.0
SOLI,0,1.0
SOLI,1,1.0
SOLI,2,1.0
SOLI,3,1.0
SOLI,4,1.0
SOLI,5,1.0
SOLI,6,1.0
SOLI,7,1.0
SOLI,8,1.0
SOLI,9,1.0
SOLI,10,1.0
SOLI,11,1.0
SOLI,12,1.0
SOLI,13,1.0
SOLI,14,1.0
SOLI,15,1.0
SOLI,16,1.0
SOLI,17,1.0
SOLI,18,1.0
SOLI,19,1.0
SOLI,20,1.0
SOLI,21,1.0
SOLI,22,1.0
SOLI,23,1.0
SOLI,24,1.0
SOLI,25,1.0
SOLI,26,1.0
SOLI,27,1.0
SOLI,28,1.0
SOLI,29,1.0
SOLI,30,1.0
SOLI,31,1.0
SPAARPLUS,0,1.0
SPAARPLUS,1,1.0
SPAARPLUS,2,1.0
SPAARPLUS,3,1.0
SPAARPLUS,4,1.0
SPAARPLUS,5,1.0
SPAARPLUS,6,1.0
SPAARPLUS,7,1.0
SPAARPLUS,8,1.0
SPAARPLUS,9,1.0
SPAARPLUS,10,1.0
SPAARPLUS,11,1.0
SPAARPLUS,12,1.0
SPAARPLUS,13,1.0
SPAARPLUS,14,1.0
SPAARPLUS,15,1.0
SPAARPLUS,16,1.0
SPAARPLUS,17,1.0
SPAARPLUS,18,1.0
SPAARPLUS,19,1.0
SPAARPLUS,20,1.0
SPAARPLUS,21,1.0
SPAARPLUS,22,1.0
SPAARPLUS,23,1.0
SPAARPLUS,24,1.0
SPAARPLUS,25,1.0
SPAARPLUS,26,1.0
SPAARPLUS,27,1.0
SPAARPLUS,28,1.0
SPAARPLUS,29,1.0
SPAARPLUS,30,1.0
SPAARPLUS,31,1.0
STUDIEPLUS,0,1.0
STUDIEPLUS,1,1.0
STUDIEPLUS,2,1.0
STUDIEPLUS,3,1.0
STUDIEPLUS,4,1.0
STUDIEPLUS,5,1.0
STUDIEPLUS,6,1.0
STUDIEPLUS,7,1.0
STUDIEPLUS,8,1.0
STUDIEPLUS,9,1.0
STUDIEPLUS,10,1.0
STUDIEPLUS,11,1.0
STUDIEPLUS,12,1.0
STUDIEPLUS,13,1.0
STUDIEPLUS,14,1.0
STUDIEPLUS,15,1.0
STUDIEPLUS,16,1.0
STUDIEPLUS,17,1.0
STUDIEPLUS,18,1.0
STUDIEPLUS,19,1.0
STUDIEPLUS,20,1.0
STUDIEPLUS,21,1.0
STUDIEPLUS,22,1.0
STUDIEPLUS,23,1.0
STUDIEPLUS,24,1.0
STUDIEPLUS,25,1.0
STUDIEPLUS,26,1.0
STUDIEPLUS,27,1.0
STUDIEPLUS,28,1.0
STUDIEPLUS,29,1.0
STUDIEPLUS,30,1.0
STUDIEPLUS,31,1.0
TOEKOMSTPLAN,0,1.0
TOEKOMSTPLAN,1,1.0
TOEKOMSTPLAN,2,1.0
TOEKOMSTPLAN,3,1.0
TOEKOMSTPLAN,4,1.0
TOEKOMSTPLAN,5,1.0
TOEKOMSTPLAN,6,1.0
TOEKOMSTPLAN,7,1.0
TOEKOMSTPLAN,8,1.0
TOEKOMSTPLAN,9,1.0
TOEKOMSTPLAN,10,1.0
TOEKOMSTPLAN,11,1.0
TOEKOMSTPLAN,12,1.0
TOEKOMSTPLAN,13,1.0
TOEKOMSTPLAN,14,1.0
TOEKOMSTPLAN,15,1.0
TOEKOMSTPLAN,16,1.0
TOEKOMSTPLAN,17,1.0
TOEKOMSTPLAN,18,1.0
TOEKOMSTPLAN,19,1.0
TOEKOMSTPLAN,20,1.0
TOEKOMSTPLAN,21,1.0
TOEKOMSTPLAN,22,1.0
TOEKOMSTPLAN,23,1.0
TOEKOMSTPLAN,24,1.0
TOEKOMSTPLAN,25,1.0
TOEKOMSTPLAN,26,1.0
TOEKOMSTPLAN,27,1.0
TOEKOMSTPLAN,28,1.0
TOEKOMSTPLAN,29,1.0
TOEKOMSTPLAN,30,1.0
TOEKOMSTPLAN,31,1.0
USH,0,1.0
USH,1,1.0
USH,2,1.0
USH,3,1.0
USH,4,1.0
USH,5,1.0
USH,6,1.0
USH,7,1.0
USH,8,1.0
USH,9,1.0
USH,10,1.0
USH,11,1.0
USH,12,1.0
USH,13,1.0
USH,14,1.0
USH,15,1.0
USH,16,1.0
USH,17,1.0
USH,18,1.0
USH,19,1.0
USH,20,1.0
USH,21,1.0
USH,22,1.0
USH,23,1.0
USH,24,1.0
USH,25,1.0
USH,26,1.0
USH,27,1.0
USH,28,1.0
USH,29,1.0
USH,30,1.0
USH,31,1.0
V&B,0,1.0
V&B,1,1.0
V&B,2,1.0
V&B,3,1.0
V&B,4,1.0
V&B,5,1.0
V&B,6,1.0
V&B,7,1.0
V&B,8,1.0
V&B,9,1.0
V&B,10,1.0
V&B,11,1.0
V&B,12,1.0
V&B,13,1.0
V&B,14,1.0
V&B,15,1.0
V&B,16,1.0
V&B,17,1.0
V&B,18,1.0
V&B,19,1.0
V&B,20,1.0
V&B,21,1.0
V&B,22,1.0
V&B,23,1.0
V&B,24,1.0
V&B,25,1.0
V&B,26,1.0
V&B,27,1.0
V&B,28,1.0
V&B,29,1.0
V&B,30,1.0
V&B,31,1.0
VERMOGENSPLAN,0,1.0
VERMOGENSPLAN,1,1.0
VERMOGENSPLAN,2,1.0
VERMOGENSPLAN,3,1.0
VERMOGENSPLAN,4,1.0
VERMOGENSPLAN,5,1.0
VERMOGENSPLAN,6,1.0
VERMOGENSPLAN,7,1.0
VERMOGENSPLAN,8,1.0
VERMOGENSPLAN,9,1.0
VERMOGENSPLAN,10,1.0
VERMOGENSPLAN,11,1.0
VERMOGENSPLAN,12,1.0
VERMOGENSPLAN,13,1.0
VERMOGENSPLAN,14,1.0
VERMOGENSPLAN,15,1.0
VERMOGENSPLAN,16,1.0
VERMOGENSPLAN,17,1.0
VERMOGENSPLAN,18,1.0
VERMOGENSPLAN,19,1.0
VERMOGENSPLAN,20,1.0
VERMOGENSPLAN,21,1.0
VERMOGENSPLAN,22,1.0
VERMOGENSPLAN,23,1.0
VERMOGENSPLAN,24,1.0
VERMOGENSPLAN,25,1.0
VERMOGENSPLAN,26,1.0
VERMOGENSPLAN,27,1.0
VERMOGENSPLAN,28,1.0
VERMOGENSPLAN,29,1.0
VERMOGENSPLAN,30,1.0
VERMOGENSPLAN,31,1.0
Z_W_1,0,1.0
Z_W_1,1,1.0
Z_W_1,2,1.0
Z_W_1,3,1.0
Z_W_1,4,1.0
Z_W_1,5,1.0
Z_W_1,6,1.0
Z_W_1,7,1.0
Z_W_1,8,1.0
Z_W_1,9,1.0
Z_W_1,10,1.0
Z_W_1,11,1.0
Z_W_1,12,1.0
Z_W_1,13,1.0
Z_W_1,14,1.0
Z_W_1,15,1.0
Z_W_1,16,1.0
Z_W_1,17,1.0
Z_W_1,18,1.0
Z_W_1,19,1.0
Z_W_1,20,1.0
Z_W_1,21,1.0
Z_W_1,22,1.0
Z_W_1,23,1.0
Z_W_1,24,1.0
Z_W_1,25,1.0
Z_W_1,26,1.0
Z_W_1,27,1.0
Z_W_1,28,1.0
Z_W_1,29,1.0
Z_W_1,30,1.0
Z_W_1,31,1.0
Z_W_2,0,1.0
Z_W_2,1,1.0
Z_W_2,2,1.0
Z_W_2,3,1.0
Z_W_2,4,1.0
Z_W_2,5,1.0
Z_W_2,6,1.0
Z_W_2,7,1.0
Z_W_2,8,1.0
Z_W_2,9,1.0
Z_W_2,10,1.0
Z_W_2,11,1.0
Z_W_2,12,1.0
Z_W_2,13,1.0
Z_W_2,14,1.0
Z_W_2,15,1.0
Z_W_2,16,1.0
Z_W_2,17,1.0
Z_W_2,18,1.0
Z_W_2,19,1.0
Z_W_2,20,1.0
Z_W_2,21,1.0
Z_W_2,22,1.0
Z_W_2,23,1.0
Z_W_2,24,1.0
Z_W_2,25,1.0
Z_W_2,26,1.0
Z_W_2,27,1.0
Z_W_2,28,1.0
Z_W_2,29,1.0
Z_W_2,30,1.0
Z_W_2,31,1.0
Z_W_3,0,1.0
Z_W_3,1,1.0
Z_W_3,2,1.0
Z_W_3,3,1.0
Z_W_3,4,1.0
Z_W_3,5,1.0
Z_W_3,6,1.0
Z_W_3,7,1.0
Z_W_3,8,1.0
Z_W_3,9,1.0
Z_W_3,10,1.0
Z_W_3,11,1.0
Z_W_3,12,1.0
Z_W_3,13,1.0
Z_W_3,14,1.0
Z_W_3,15,1.0
Z_W_3,16,1.0
Z_W_3,17,1.0
Z_W_3,18,1.0
Z_W_3,19,1.0
Z_W_3,20,1.0
Z_W_3,21,1.0
Z_W_3,22,1.0
Z_W_3,23,1.0
Z_W_3,24,1.0
Z_W_3,25,1.0
Z_W_3,26,1.0
Z_W_3,27,1.0
Z_W_3,28,1.0
Z_W_3,29,1.0
Z_W_3,30,1.0
Z_W_3,31,1.0
Z_W_4,0,1.0
Z_W_4,1,1.0
Z_W_4,2,1.0
Z_W_4,3,1.0
Z_W_4,4,1.0
Z_W_4,5,1.0
Z_W_4,6,1.0
Z_W_4,7,1.0
Z_W_4,8,1.0
Z_W_4,9,1.0
Z_W_4,10,1.0
Z_W_4,11,1.0
Z_W_4,12,1.0
Z_W_4,13,1.0
Z_W_4,14,1.0
Z_W_4,15,1.0
Z_W_4,16,1.0
Z_W_4,17,1.0
Z_W_4,18,1.0
Z_W_4,19,1.0
Z_W_4,20,1.0
Z_W_4,21,1.0
Z_W_4,22,1.0
Z_W_4,23,1.0
Z_W_4,24,1.0
Z_W_4,25,1.0
Z_W_4,26,1.0
Z_W_4,27,1.0
Z_W_4,28,1.0
Z_W_4,29,1.0
Z_W_4,30,1.0
Z_W_4,31,1.0
Z_W_5,0,1.0
Z_W_5,1,1.0
Z_W_5,2,1.0
Z_W_5,3,1.0
Z_W_5,4,1.0
Z_W_5,5,1.0
Z_W_5,6,1.0
Z_W_5,7,1.0
Z_W_5,8,1.0
Z_W_5,9,1.0
Z_W_5,10,1.0
Z_W_5,11,1.0
Z_W_5,12,1.0
Z_W_5,13,1.0
Z_W_5,14,1.0
Z_W_5,15,1.0
Z_W_5,16,1.0
Z_W_5,17,1.0
Z_W_5,18,1.0
Z_W_5,19,1.0
Z_W_5,20,1.0
Z_W_5,21,1.0
Z_W_5,22,1.0
Z_W_5,23,1.0
Z_W_5,24,1.0
Z_W_5,25,1.0
Z_W_5,26,1.0
Z_W_5,27,1.0
Z_W_5,28,1.0
Z_W_5,29,1.0
Z_W_5,30,1.0
Z_W_5,31,1.0
Z_W_6,0,1.0
Z_W_6,1,1.0
Z_W_6,2,1.0
Z_W_6,3,1.0
Z_W_6,4,1.0
Z_W_6,5,1.0
Z_W_6,6,1.0
Z_W_6,7,1.0
Z_W_6,8,1.0
Z_W_6,9,1.0
Z_W_6,10,1.0
Z_W_6,11,1.0
Z_W_6,12,1.0
Z_W_6,13,1.0
Z_W_6,14,1.0
Z_W_6,15,1.0
Z_W_6,16,1.0
Z_W_6,17,1.0
Z_W_6,18,1.0
Z_W_6,19,1.0
Z_W_6,20,1.0
Z_W_6,21,1.0
Z_W_6,22,1.0
Z_W_6,23,1.0
Z_W_6,24,1.0
Z_W_6,25,1.0
Z_W_6,26,1.0
Z_W_6,27,1.0
Z_W_6,28,1.0
Z_W_6,29,1.0
Z_W_6,30,1.0
Z_W_6,31,1.0
Z_W_7,0,1.0
Z_W_7,1,1.0
Z_W_7,2,1.0
Z_W_7,3,1.0
Z_W_7,4,1.0
Z_W_7,5,1.0
Z_W_7,6,1.0
Z_W_7,7,1.0
Z_W_7,8,1.0
Z_W_7,9,1.0
Z_W_7,10,1.0
Z_W_7,11,1.0
Z_W_7,12,1.0
Z_W_7,13,1.0
Z_W_7,14,1.0
Z_W_7,15,1.0
Z_W_7,16,1.0
Z_W_7,17,1.0
Z_W_7,18,1.0
Z_W_7,19,1.0
Z_W_7,20,1.0
Z_W_7,21,1.0
Z_W_7,22,1.0
Z_W_7,23,1.0
Z_W_7,24,1.0
Z_W_7,25,1.0
Z_W_7,26,1.0
Z_W_7,27,1.0
Z_W_7,28,1.0
Z_W_7,29,1.0
Z_W_7,30,1.0
Z_W_7,31,1.0
Z_W_8,0,1.0
Z_W_8,1,1.0
Z_W_8,2,1.0
Z_W_8,3,1.0
Z_W_8,4,1.0
Z_W_8,5,1.0
Z_W_8,6,1.0
Z_W_8,7,1.0
Z_W_8,8,1.0
Z_W_8,9,1.0
Z_W_8,10,1.0
Z_W_8,11,1.0
Z_W_8,12,1.0
Z_W_8,13,1.0
Z_W_8,14,1.0
Z_W_8,15,1.0
Z_W_8,16,1.0
Z_W_8,17,1.0
Z_W_8,18,1.0
Z_W_8,19,1.0
Z_W_8,20,1.0
Z_W_8,21,1.0
Z_W_8,22,1.0
Z_W_8,23,1.0
Z_W_8,24,1.0
Z_W_8,25,1.0
Z_W_8,26,1.0
Z_W_8,27,1.0
Z_W_8,28,1.0
Z_W_8,29,1.0
Z_W_8,30,1.0
Z_W_8,31,1.0
