prodboomcd,policy_year,value
2040PLUSFONDS,0,0.040719222
2040PLUSFONDS,1,0.38263101
2040PLUSFONDS,2,0.346803037
2040PLUSFONDS,3,0.38554458
2040PLUSFONDS,4,0.428613961
2040PLUSFONDS,5,0.476494645
2040PLUSFONDS,6,0.529724104
2040PLUSFONDS,7,0.588899853
2040PLUSFONDS,8,0.654686155
2040PLUSFONDS,9,0.727821478
2040PLUSFONDS,10,0.809126785
2040PLUSFONDS,11,0.89951475
2040PLUSFONDS,12,1.0
2040PLUSFONDS,13,1.111710508
2040PLUSFONDS,14,1.235900255
2040PLUSFONDS,15,1.3739633
2040PLUSFONDS,16,1.527449439
2040PLUSFONDS,17,1.698081593
2040PLUSFONDS,18,1.887775151
2040PLUSFONDS,19,2.098659472
2040PLUSFONDS,20,2.333101789
2040PLUSFONDS,21,2.88639551
2040PLUSFONDS,22,2.88639551
2040PLUSFONDS,23,2.88639551
2040PLUSFONDS,24,2.88639551
2040PLUSFONDS,25,2.88639551
2040PLUSFONDS,26,2.88639551
2040PLUSFONDS,27,2.88639551
2040PLUSFONDS,28,2.88639551
2040PLUSFONDS,29,2.88639551
2040PLUSFONDS,30,2.88639551
2040PLUSFONDS,31,2.88639551
2040PLUSFONDS,32,2.88639551
2040PLUSFONDS,33,2.88639551
2040PLUSFONDS,34,2.88639551
2040PLUSFONDS,35,2.88639551
2040PLUSFONDS,36,2.88639551
2040PLUSFONDS,37,2.88639551
2040PLUSFONDS,38,2.88639551
2040PLUSFONDS,39,2.88639551
2040PLUSFONDS,40,2.88639551
2040PLUSFONDS,41,2.88639551
AEGON_KOERSPLAN_spaaradvies,0,0.040719222
AEGON_KOERSPLAN_spaaradvies,1,0.38263101
AEGON_KOERSPLAN_spaaradvies,2,0.346803037
AEGON_KOERSPLAN_spaaradvies,3,0.38554458
AEGON_KOERSPLAN_spaaradvies,4,0.428613961
AEGON_KOERSPLAN_spaaradvies,5,0.476494645
AEGON_KOERSPLAN_spaaradvies,6,0.529724104
AEGON_KOERSPLAN_spaaradvies,7,0.588899853
AEGON_KOERSPLAN_spaaradvies,8,0.654686155
AEGON_KOERSPLAN_spaaradvies,9,0.727821478
AEGON_KOERSPLAN_spaaradvies,10,0.809126785
AEGON_KOERSPLAN_spaaradvies,11,0.89951475
AEGON_KOERSPLAN_spaaradvies,12,1.0
AEGON_KOERSPLAN_spaaradvies,13,1.111710508
AEGON_KOERSPLAN_spaaradvies,14,1.235900255
AEGON_KOERSPLAN_spaaradvies,15,1.3739633
AEGON_KOERSPLAN_spaaradvies,16,1.527449439
AEGON_KOERSPLAN_spaaradvies,17,1.698081593
AEGON_KOERSPLAN_spaaradvies,18,1.887775151
AEGON_KOERSPLAN_spaaradvies,19,2.098659472
AEGON_KOERSPLAN_spaaradvies,20,2.333101789
AEGON_KOERSPLAN_spaaradvies,21,2.88639551
AEGON_KOERSPLAN_spaaradvies,22,2.88639551
AEGON_KOERSPLAN_spaaradvies,23,2.88639551
AEGON_KOERSPLAN_spaaradvies,24,2.88639551
AEGON_KOERSPLAN_spaaradvies,25,2.88639551
AEGON_KOERSPLAN_spaaradvies,26,2.88639551
AEGON_KOERSPLAN_spaaradvies,27,2.88639551
AEGON_KOERSPLAN_spaaradvies,28,2.88639551
AEGON_KOERSPLAN_spaaradvies,29,2.88639551
AEGON_KOERSPLAN_spaaradvies,30,2.88639551
AEGON_KOERSPLAN_spaaradvies,31,2.88639551
AEGON_KOERSPLAN_spaaradvies,32,2.88639551
AEGON_KOERSPLAN_spaaradvies,33,2.88639551
AEGON_KOERSPLAN_spaaradvies,34,2.88639551
AEGON_KOERSPLAN_spaaradvies,35,2.88639551
AEGON_KOERSPLAN_spaaradvies,36,2.88639551
AEGON_KOERSPLAN_spaaradvies,37,2.88639551
AEGON_KOERSPLAN_spaaradvies,38,2.88639551
AEGON_KOERSPLAN_spaaradvies,39,2.88639551
AEGON_KOERSPLAN_spaaradvies,40,2.88639551
AEGON_KOERSPLAN_spaaradvies,41,2.88639551
AEGON_SPAARBEURS_direct,0,0.040719222
AEGON_SPAARBEURS_direct,1,0.38263101
AEGON_SPAARBEURS_direct,2,0.346803037
AEGON_SPAARBEURS_direct,3,0.38554458
AEGON_SPAARBEURS_direct,4,0.428613961
AEGON_SPAARBEURS_direct,5,0.476494645
AEGON_SPAARBEURS_direct,6,0.529724104
AEGON_SPAARBEURS_direct,7,0.588899853
AEGON_SPAARBEURS_direct,8,0.654686155
AEGON_SPAARBEURS_direct,9,0.727821478
AEGON_SPAARBEURS_direct,10,0.809126785
AEGON_SPAARBEURS_direct,11,0.89951475
AEGON_SPAARBEURS_direct,12,1.0
AEGON_SPAARBEURS_direct,13,1.111710508
AEGON_SPAARBEURS_direct,14,1.235900255
AEGON_SPAARBEURS_direct,15,1.3739633
AEGON_SPAARBEURS_direct,16,1.527449439
AEGON_SPAARBEURS_direct,17,1.698081593
AEGON_SPAARBEURS_direct,18,1.887775151
AEGON_SPAARBEURS_direct,19,2.098659472
AEGON_SPAARBEURS_direct,20,2.333101789
AEGON_SPAARBEURS_direct,21,2.88639551
AEGON_SPAARBEURS_direct,22,2.88639551
AEGON_SPAARBEURS_direct,23,2.88639551
AEGON_SPAARBEURS_direct,24,2.88639551
AEGON_SPAARBEURS_direct,25,2.88639551
AEGON_SPAARBEURS_direct,26,2.88639551
AEGON_SPAARBEURS_direct,27,2.88639551
AEGON_SPAARBEURS_direct,28,2.88639551
AEGON_SPAARBEURS_direct,29,2.88639551
AEGON_SPAARBEURS_direct,30,2.88639551
AEGON_SPAARBEURS_direct,31,2.88639551
AEGON_SPAARBEURS_direct,32,2.88639551
AEGON_SPAARBEURS_direct,33,2.88639551
AEGON_SPAARBEURS_direct,34,2.88639551
AEGON_SPAARBEURS_direct,35,2.88639551
AEGON_SPAARBEURS_direct,36,2.88639551
AEGON_SPAARBEURS_direct,37,2.88639551
AEGON_SPAARBEURS_direct,38,2.88639551
AEGON_SPAARBEURS_direct,39,2.88639551
AEGON_SPAARBEURS_direct,40,2.88639551
AEGON_SPAARBEURS_direct,41,2.88639551
AEGON_SPAARBEURS_spaaradvies,0,0.040719222
AEGON_SPAARBEURS_spaaradvies,1,0.38263101
AEGON_SPAARBEURS_spaaradvies,2,0.346803037
AEGON_SPAARBEURS_spaaradvies,3,0.38554458
AEGON_SPAARBEURS_spaaradvies,4,0.428613961
AEGON_SPAARBEURS_spaaradvies,5,0.476494645
AEGON_SPAARBEURS_spaaradvies,6,0.529724104
AEGON_SPAARBEURS_spaaradvies,7,0.588899853
AEGON_SPAARBEURS_spaaradvies,8,0.654686155
AEGON_SPAARBEURS_spaaradvies,9,0.727821478
AEGON_SPAARBEURS_spaaradvies,10,0.809126785
AEGON_SPAARBEURS_spaaradvies,11,0.89951475
AEGON_SPAARBEURS_spaaradvies,12,1.0
AEGON_SPAARBEURS_spaaradvies,13,1.111710508
AEGON_SPAARBEURS_spaaradvies,14,1.235900255
AEGON_SPAARBEURS_spaaradvies,15,1.3739633
AEGON_SPAARBEURS_spaaradvies,16,1.527449439
AEGON_SPAARBEURS_spaaradvies,17,1.698081593
AEGON_SPAARBEURS_spaaradvies,18,1.887775151
AEGON_SPAARBEURS_spaaradvies,19,2.098659472
AEGON_SPAARBEURS_spaaradvies,20,2.333101789
AEGON_SPAARBEURS_spaaradvies,21,2.88639551
AEGON_SPAARBEURS_spaaradvies,22,2.88639551
AEGON_SPAARBEURS_spaaradvies,23,2.88639551
AEGON_SPAARBEURS_spaaradvies,24,2.88639551
AEGON_SPAARBEURS_spaaradvies,25,2.88639551
AEGON_SPAARBEURS_spaaradvies,26,2.88639551
AEGON_SPAARBEURS_spaaradvies,27,2.88639551
AEGON_SPAARBEURS_spaaradvies,28,2.88639551
AEGON_SPAARBEURS_spaaradvies,29,2.88639551
AEGON_SPAARBEURS_spaaradvies,30,2.88639551
AEGON_SPAARBEURS_spaaradvies,31,2.88639551
AEGON_SPAARBEURS_spaaradvies,32,2.88639551
AEGON_SPAARBEURS_spaaradvies,33,2.88639551
AEGON_SPAARBEURS_spaaradvies,34,2.88639551
AEGON_SPAARBEURS_spaaradvies,35,2.88639551
AEGON_SPAARBEURS_spaaradvies,36,2.88639551
AEGON_SPAARBEURS_spaaradvies,37,2.88639551
AEGON_SPAARBEURS_spaaradvies,38,2.88639551
AEGON_SPAARBEURS_spaaradvies,39,2.88639551
AEGON_SPAARBEURS_spaaradvies,40,2.88639551
AEGON_SPAARBEURS_spaaradvies,41,2.88639551
AEGON_SPAARBEURS_spaarbelegger,0,0.040719222
AEGON_SPAARBEURS_spaarbelegger,1,0.38263101
AEGON_SPAARBEURS_spaarbelegger,2,0.346803037
AEGON_SPAARBEURS_spaarbelegger,3,0.38554458
AEGON_SPAARBEURS_spaarbelegger,4,0.428613961
AEGON_SPAARBEURS_spaarbelegger,5,0.476494645
AEGON_SPAARBEURS_spaarbelegger,6,0.529724104
AEGON_SPAARBEURS_spaarbelegger,7,0.588899853
AEGON_SPAARBEURS_spaarbelegger,8,0.654686155
AEGON_SPAARBEURS_spaarbelegger,9,0.727821478
AEGON_SPAARBEURS_spaarbelegger,10,0.809126785
AEGON_SPAARBEURS_spaarbelegger,11,0.89951475
AEGON_SPAARBEURS_spaarbelegger,12,1.0
AEGON_SPAARBEURS_spaarbelegger,13,1.111710508
AEGON_SPAARBEURS_spaarbelegger,14,1.235900255
AEGON_SPAARBEURS_spaarbelegger,15,1.3739633
AEGON_SPAARBEURS_spaarbelegger,16,1.527449439
AEGON_SPAARBEURS_spaarbelegger,17,1.698081593
AEGON_SPAARBEURS_spaarbelegger,18,1.887775151
AEGON_SPAARBEURS_spaarbelegger,19,2.098659472
AEGON_SPAARBEURS_spaarbelegger,20,2.333101789
AEGON_SPAARBEURS_spaarbelegger,21,2.88639551
AEGON_SPAARBEURS_spaarbelegger,22,2.88639551
AEGON_SPAARBEURS_spaarbelegger,23,2.88639551
AEGON_SPAARBEURS_spaarbelegger,24,2.88639551
AEGON_SPAARBEURS_spaarbelegger,25,2.88639551
AEGON_SPAARBEURS_spaarbelegger,26,2.88639551
AEGON_SPAARBEURS_spaarbelegger,27,2.88639551
AEGON_SPAARBEURS_spaarbelegger,28,2.88639551
AEGON_SPAARBEURS_spaarbelegger,29,2.88639551
AEGON_SPAARBEURS_spaarbelegger,30,2.88639551
AEGON_SPAARBEURS_spaarbelegger,31,2.88639551
AEGON_SPAARBEURS_spaarbelegger,32,2.88639551
AEGON_SPAARBEURS_spaarbelegger,33,2.88639551
AEGON_SPAARBEURS_spaarbelegger,34,2.88639551
AEGON_SPAARBEURS_spaarbelegger,35,2.88639551
AEGON_SPAARBEURS_spaarbelegger,36,2.88639551
AEGON_SPAARBEURS_spaarbelegger,37,2.88639551
AEGON_SPAARBEURS_spaarbelegger,38,2.88639551
AEGON_SPAARBEURS_spaarbelegger,39,2.88639551
AEGON_SPAARBEURS_spaarbelegger,40,2.88639551
AEGON_SPAARBEURS_spaarbelegger,41,2.88639551
AEGON_SPAARBEURS_tussenpersoon,0,0.040719222
AEGON_SPAARBEURS_tussenpersoon,1,0.38263101
AEGON_SPAARBEURS_tussenpersoon,2,0.346803037
AEGON_SPAARBEURS_tussenpersoon,3,0.38554458
AEGON_SPAARBEURS_tussenpersoon,4,0.428613961
AEGON_SPAARBEURS_tussenpersoon,5,0.476494645
AEGON_SPAARBEURS_tussenpersoon,6,0.529724104
AEGON_SPAARBEURS_tussenpersoon,7,0.588899853
AEGON_SPAARBEURS_tussenpersoon,8,0.654686155
AEGON_SPAARBEURS_tussenpersoon,9,0.727821478
AEGON_SPAARBEURS_tussenpersoon,10,0.809126785
AEGON_SPAARBEURS_tussenpersoon,11,0.89951475
AEGON_SPAARBEURS_tussenpersoon,12,1.0
AEGON_SPAARBEURS_tussenpersoon,13,1.111710508
AEGON_SPAARBEURS_tussenpersoon,14,1.235900255
AEGON_SPAARBEURS_tussenpersoon,15,1.3739633
AEGON_SPAARBEURS_tussenpersoon,16,1.527449439
AEGON_SPAARBEURS_tussenpersoon,17,1.698081593
AEGON_SPAARBEURS_tussenpersoon,18,1.887775151
AEGON_SPAARBEURS_tussenpersoon,19,2.098659472
AEGON_SPAARBEURS_tussenpersoon,20,2.333101789
AEGON_SPAARBEURS_tussenpersoon,21,2.88639551
AEGON_SPAARBEURS_tussenpersoon,22,2.88639551
AEGON_SPAARBEURS_tussenpersoon,23,2.88639551
AEGON_SPAARBEURS_tussenpersoon,24,2.88639551
AEGON_SPAARBEURS_tussenpersoon,25,2.88639551
AEGON_SPAARBEURS_tussenpersoon,26,2.88639551
AEGON_SPAARBEURS_tussenpersoon,27,2.88639551
AEGON_SPAARBEURS_tussenpersoon,28,2.88639551
AEGON_SPAARBEURS_tussenpersoon,29,2.88639551
AEGON_SPAARBEURS_tussenpersoon,30,2.88639551
AEGON_SPAARBEURS_tussenpersoon,31,2.88639551
AEGON_SPAARBEURS_tussenpersoon,32,2.88639551
AEGON_SPAARBEURS_tussenpersoon,33,2.88639551
AEGON_SPAARBEURS_tussenpersoon,34,2.88639551
AEGON_SPAARBEURS_tussenpersoon,35,2.88639551
AEGON_SPAARBEURS_tussenpersoon,36,2.88639551
AEGON_SPAARBEURS_tussenpersoon,37,2.88639551
AEGON_SPAARBEURS_tussenpersoon,38,2.88639551
AEGON_SPAARBEURS_tussenpersoon,39,2.88639551
AEGON_SPAARBEURS_tussenpersoon,40,2.88639551
AEGON_SPAARBEURS_tussenpersoon,41,2.88639551
AFP,0,0.040719222
AFP,1,0.38263101
AFP,2,0.346803037
AFP,3,0.38554458
AFP,4,0.428613961
AFP,5,0.476494645
AFP,6,0.529724104
AFP,7,0.588899853
AFP,8,0.654686155
AFP,9,0.727821478
AFP,10,0.809126785
AFP,11,0.89951475
AFP,12,1.0
AFP,13,1.111710508
AFP,14,1.235900255
AFP,15,1.3739633
AFP,16,1.527449439
AFP,17,1.698081593
AFP,18,1.887775151
AFP,19,2.098659472
AFP,20,2.333101789
AFP,21,2.88639551
AFP,22,2.88639551
AFP,23,2.88639551
AFP,24,2.88639551
AFP,25,2.88639551
AFP,26,2.88639551
AFP,27,2.88639551
AFP,28,2.88639551
AFP,29,2.88639551
AFP,30,2.88639551
AFP,31,2.88639551
AFP,32,2.88639551
AFP,33,2.88639551
AFP,34,2.88639551
AFP,35,2.88639551
AFP,36,2.88639551
AFP,37,2.88639551
AFP,38,2.88639551
AFP,39,2.88639551
AFP,40,2.88639551
AFP,41,2.88639551
ALH,0,1.0
ALH,1,1.0
ALH,2,1.0
ALH,3,1.0
ALH,4,1.0
ALH,5,0.892648692
ALH,6,0.952580186
ALH,7,1.016535418
ALH,8,1.084784536
ALH,9,1.157615829
ALH,10,1.235336938
ALH,11,1.318276161
ALH,12,1.406783836
ALH,13,1.501233823
ALH,14,1.602025083
ALH,15,1.709583362
ALH,16,1.824362991
ALH,17,1.946848804
ALH,18,2.077558185
ALH,19,2.217043256
ALH,20,2.365893208
ALH,21,2.52473679
ALH,22,2.694244963
ALH,23,2.875133736
ALH,24,3.068167191
ALH,25,3.274160709
ALH,26,3.493984415
ALH,27,3.728566854
ALH,28,3.978898911
ALH,29,4.246037999
ALH,30,4.531112525
ALH,31,4.531112525
ALH,32,4.531112525
ALH,33,4.531112525
ALH,34,4.531112525
ALH,35,4.531112525
ALH,36,4.531112525
ALH,37,4.531112525
ALH,38,4.531112525
ALH,39,4.531112525
ALH,40,4.531112525
ALH,41,4.531112525
ALIMENTATIE,0,0.0
ALIMENTATIE,1,0.0
ALIMENTATIE,2,0.0
ALIMENTATIE,3,0.0
ALIMENTATIE,4,0.0
ALIMENTATIE,5,0.0
ALIMENTATIE,6,0.0
ALIMENTATIE,7,0.0
ALIMENTATIE,8,0.0
ALIMENTATIE,9,0.0
ALIMENTATIE,10,0.0
ALIMENTATIE,11,0.0
ALIMENTATIE,12,0.0
ALIMENTATIE,13,0.0
ALIMENTATIE,14,0.0
ALIMENTATIE,15,0.0
ALIMENTATIE,16,0.0
ALIMENTATIE,17,0.0
ALIMENTATIE,18,0.0
ALIMENTATIE,19,0.0
ALIMENTATIE,20,0.0
ALIMENTATIE,21,0.0
ALIMENTATIE,22,0.0
ALIMENTATIE,23,0.0
ALIMENTATIE,24,0.0
ALIMENTATIE,25,0.0
ALIMENTATIE,26,0.0
ALIMENTATIE,27,0.0
ALIMENTATIE,28,0.0
ALIMENTATIE,29,0.0
ALIMENTATIE,30,0.0
ALIMENTATIE,31,0.0
ALIMENTATIE,32,0.0
ALIMENTATIE,33,0.0
ALIMENTATIE,34,0.0
ALIMENTATIE,35,0.0
ALIMENTATIE,36,0.0
ALIMENTATIE,37,0.0
ALIMENTATIE,38,0.0
ALIMENTATIE,39,0.0
ALIMENTATIE,40,0.0
ALIMENTATIE,41,0.0
AORV_Type1,0,1.0
AORV_Type1,1,1.0
AORV_Type1,2,0.715275691
AORV_Type1,3,0.566843645
AORV_Type1,4,0.44921381
AORV_Type1,5,0.355994195
AORV_Type1,6,0.282119258
AORV_Type1,7,0.223574645
AORV_Type1,8,0.136180512
AORV_Type1,9,0.136147407
AORV_Type1,10,0.136114309
AORV_Type1,11,0.13608122
AORV_Type1,12,0.136048138
AORV_Type1,13,0.136015065
AORV_Type1,14,0.135981999
AORV_Type1,15,0.135948942
AORV_Type1,16,0.135915893
AORV_Type1,17,0.135882851
AORV_Type1,18,0.135849818
AORV_Type1,19,0.135816793
AORV_Type1,20,0.135783776
AORV_Type1,21,0.135750767
AORV_Type1,22,0.135717766
AORV_Type1,23,0.135684772
AORV_Type1,24,0.135651787
AORV_Type1,25,0.13561881
AORV_Type1,26,0.135585841
AORV_Type1,27,0.13555288
AORV_Type1,28,0.135519927
AORV_Type1,29,0.135486982
AORV_Type1,30,0.262620667
AORV_Type1,31,0.262620667
AORV_Type1,32,0.262620667
AORV_Type1,33,0.262620667
AORV_Type1,34,0.262620667
AORV_Type1,35,0.262620667
AORV_Type1,36,0.262620667
AORV_Type1,37,0.262620667
AORV_Type1,38,0.262620667
AORV_Type1,39,0.262620667
AORV_Type1,40,0.262620667
AORV_Type1,41,0.262620667
AORV_Type2,0,1.0
AORV_Type2,1,1.0
AORV_Type2,2,0.715275691
AORV_Type2,3,0.566843645
AORV_Type2,4,0.44921381
AORV_Type2,5,0.355994195
AORV_Type2,6,0.282119258
AORV_Type2,7,0.223574645
AORV_Type2,8,0.136180512
AORV_Type2,9,0.136147407
AORV_Type2,10,0.136114309
AORV_Type2,11,0.13608122
AORV_Type2,12,0.136048138
AORV_Type2,13,0.136015065
AORV_Type2,14,0.135981999
AORV_Type2,15,0.135948942
AORV_Type2,16,0.135915893
AORV_Type2,17,0.135882851
AORV_Type2,18,0.135849818
AORV_Type2,19,0.135816793
AORV_Type2,20,0.135783776
AORV_Type2,21,0.135750767
AORV_Type2,22,0.135717766
AORV_Type2,23,0.135684772
AORV_Type2,24,0.135651787
AORV_Type2,25,0.13561881
AORV_Type2,26,0.135585841
AORV_Type2,27,0.13555288
AORV_Type2,28,0.135519927
AORV_Type2,29,0.135486982
AORV_Type2,30,0.262620667
AORV_Type2,31,0.262620667
AORV_Type2,32,0.262620667
AORV_Type2,33,0.262620667
AORV_Type2,34,0.262620667
AORV_Type2,35,0.262620667
AORV_Type2,36,0.262620667
AORV_Type2,37,0.262620667
AORV_Type2,38,0.262620667
AORV_Type2,39,0.262620667
AORV_Type2,40,0.262620667
AORV_Type2,41,0.262620667
AORV_Type3,0,1.0
AORV_Type3,1,1.0
AORV_Type3,2,0.715275691
AORV_Type3,3,0.566843645
AORV_Type3,4,0.44921381
AORV_Type3,5,0.355994195
AORV_Type3,6,0.282119258
AORV_Type3,7,0.223574645
AORV_Type3,8,0.136180512
AORV_Type3,9,0.136147407
AORV_Type3,10,0.136114309
AORV_Type3,11,0.13608122
AORV_Type3,12,0.136048138
AORV_Type3,13,0.136015065
AORV_Type3,14,0.135981999
AORV_Type3,15,0.135948942
AORV_Type3,16,0.135915893
AORV_Type3,17,0.135882851
AORV_Type3,18,0.135849818
AORV_Type3,19,0.135816793
AORV_Type3,20,0.135783776
AORV_Type3,21,0.135750767
AORV_Type3,22,0.135717766
AORV_Type3,23,0.135684772
AORV_Type3,24,0.135651787
AORV_Type3,25,0.13561881
AORV_Type3,26,0.135585841
AORV_Type3,27,0.13555288
AORV_Type3,28,0.135519927
AORV_Type3,29,0.135486982
AORV_Type3,30,0.262620667
AORV_Type3,31,0.262620667
AORV_Type3,32,0.262620667
AORV_Type3,33,0.262620667
AORV_Type3,34,0.262620667
AORV_Type3,35,0.262620667
AORV_Type3,36,0.262620667
AORV_Type3,37,0.262620667
AORV_Type3,38,0.262620667
AORV_Type3,39,0.262620667
AORV_Type3,40,0.262620667
AORV_Type3,41,0.262620667
AORV_Type4,0,1.0
AORV_Type4,1,1.0
AORV_Type4,2,0.715275691
AORV_Type4,3,0.566843645
AORV_Type4,4,0.44921381
AORV_Type4,5,0.355994195
AORV_Type4,6,0.282119258
AORV_Type4,7,0.223574645
AORV_Type4,8,0.136180512
AORV_Type4,9,0.136147407
AORV_Type4,10,0.136114309
AORV_Type4,11,0.13608122
AORV_Type4,12,0.136048138
AORV_Type4,13,0.136015065
AORV_Type4,14,0.135981999
AORV_Type4,15,0.135948942
AORV_Type4,16,0.135915893
AORV_Type4,17,0.135882851
AORV_Type4,18,0.135849818
AORV_Type4,19,0.135816793
AORV_Type4,20,0.135783776
AORV_Type4,21,0.135750767
AORV_Type4,22,0.135717766
AORV_Type4,23,0.135684772
AORV_Type4,24,0.135651787
AORV_Type4,25,0.13561881
AORV_Type4,26,0.135585841
AORV_Type4,27,0.13555288
AORV_Type4,28,0.135519927
AORV_Type4,29,0.135486982
AORV_Type4,30,0.262620667
AORV_Type4,31,0.262620667
AORV_Type4,32,0.262620667
AORV_Type4,33,0.262620667
AORV_Type4,34,0.262620667
AORV_Type4,35,0.262620667
AORV_Type4,36,0.262620667
AORV_Type4,37,0.262620667
AORV_Type4,38,0.262620667
AORV_Type4,39,0.262620667
AORV_Type4,40,0.262620667
AORV_Type4,41,0.262620667
AOWPRIVEPLAN,0,0.040719222
AOWPRIVEPLAN,1,0.38263101
AOWPRIVEPLAN,2,0.346803037
AOWPRIVEPLAN,3,0.38554458
AOWPRIVEPLAN,4,0.428613961
AOWPRIVEPLAN,5,0.476494645
AOWPRIVEPLAN,6,0.529724104
AOWPRIVEPLAN,7,0.588899853
AOWPRIVEPLAN,8,0.654686155
AOWPRIVEPLAN,9,0.727821478
AOWPRIVEPLAN,10,0.809126785
AOWPRIVEPLAN,11,0.89951475
AOWPRIVEPLAN,12,1.0
AOWPRIVEPLAN,13,1.111710508
AOWPRIVEPLAN,14,1.235900255
AOWPRIVEPLAN,15,1.3739633
AOWPRIVEPLAN,16,1.527449439
AOWPRIVEPLAN,17,1.698081593
AOWPRIVEPLAN,18,1.887775151
AOWPRIVEPLAN,19,2.098659472
AOWPRIVEPLAN,20,2.333101789
AOWPRIVEPLAN,21,2.88639551
AOWPRIVEPLAN,22,2.88639551
AOWPRIVEPLAN,23,2.88639551
AOWPRIVEPLAN,24,2.88639551
AOWPRIVEPLAN,25,2.88639551
AOWPRIVEPLAN,26,2.88639551
AOWPRIVEPLAN,27,2.88639551
AOWPRIVEPLAN,28,2.88639551
AOWPRIVEPLAN,29,2.88639551
AOWPRIVEPLAN,30,2.88639551
AOWPRIVEPLAN,31,2.88639551
AOWPRIVEPLAN,32,2.88639551
AOWPRIVEPLAN,33,2.88639551
AOWPRIVEPLAN,34,2.88639551
AOWPRIVEPLAN,35,2.88639551
AOWPRIVEPLAN,36,2.88639551
AOWPRIVEPLAN,37,2.88639551
AOWPRIVEPLAN,38,2.88639551
AOWPRIVEPLAN,39,2.88639551
AOWPRIVEPLAN,40,2.88639551
AOWPRIVEPLAN,41,2.88639551
ASH,0,1.0
ASH,1,1.0
ASH,2,1.0
ASH,3,1.0
ASH,4,1.0
ASH,5,0.892648692
ASH,6,0.952580186
ASH,7,1.016535418
ASH,8,1.084784536
ASH,9,1.157615829
ASH,10,1.235336938
ASH,11,1.318276161
ASH,12,1.406783836
ASH,13,1.501233823
ASH,14,1.602025083
ASH,15,1.709583362
ASH,16,1.824362991
ASH,17,1.946848804
ASH,18,2.077558185
ASH,19,2.217043256
ASH,20,2.365893208
ASH,21,2.52473679
ASH,22,2.694244963
ASH,23,2.875133736
ASH,24,3.068167191
ASH,25,3.274160709
ASH,26,3.493984415
ASH,27,3.728566854
ASH,28,3.978898911
ASH,29,4.246037999
ASH,30,4.531112525
ASH,31,4.531112525
ASH,32,4.531112525
ASH,33,4.531112525
ASH,34,4.531112525
ASH,35,4.531112525
ASH,36,4.531112525
ASH,37,4.531112525
ASH,38,4.531112525
ASH,39,4.531112525
ASH,40,4.531112525
ASH,41,4.531112525
BEDRIJVEN,0,0.040719222
BEDRIJVEN,1,0.38263101
BEDRIJVEN,2,0.346803037
BEDRIJVEN,3,0.38554458
BEDRIJVEN,4,0.428613961
BEDRIJVEN,5,0.476494645
BEDRIJVEN,6,0.529724104
BEDRIJVEN,7,0.588899853
BEDRIJVEN,8,0.654686155
BEDRIJVEN,9,0.727821478
BEDRIJVEN,10,0.809126785
BEDRIJVEN,11,0.89951475
BEDRIJVEN,12,1.0
BEDRIJVEN,13,1.111710508
BEDRIJVEN,14,1.235900255
BEDRIJVEN,15,1.3739633
BEDRIJVEN,16,1.527449439
BEDRIJVEN,17,1.698081593
BEDRIJVEN,18,1.887775151
BEDRIJVEN,19,2.098659472
BEDRIJVEN,20,2.333101789
BEDRIJVEN,21,2.88639551
BEDRIJVEN,22,2.88639551
BEDRIJVEN,23,2.88639551
BEDRIJVEN,24,2.88639551
BEDRIJVEN,25,2.88639551
BEDRIJVEN,26,2.88639551
BEDRIJVEN,27,2.88639551
BEDRIJVEN,28,2.88639551
BEDRIJVEN,29,2.88639551
BEDRIJVEN,30,2.88639551
BEDRIJVEN,31,2.88639551
BEDRIJVEN,32,2.88639551
BEDRIJVEN,33,2.88639551
BEDRIJVEN,34,2.88639551
BEDRIJVEN,35,2.88639551
BEDRIJVEN,36,2.88639551
BEDRIJVEN,37,2.88639551
BEDRIJVEN,38,2.88639551
BEDRIJVEN,39,2.88639551
BEDRIJVEN,40,2.88639551
BEDRIJVEN,41,2.88639551
BUDGETFONDS,0,0.040719222
BUDGETFONDS,1,0.38263101
BUDGETFONDS,2,0.346803037
BUDGETFONDS,3,0.38554458
BUDGETFONDS,4,0.428613961
BUDGETFONDS,5,0.476494645
BUDGETFONDS,6,0.529724104
BUDGETFONDS,7,0.588899853
BUDGETFONDS,8,0.654686155
BUDGETFONDS,9,0.727821478
BUDGETFONDS,10,0.809126785
BUDGETFONDS,11,0.89951475
BUDGETFONDS,12,1.0
BUDGETFONDS,13,1.111710508
BUDGETFONDS,14,1.235900255
BUDGETFONDS,15,1.3739633
BUDGETFONDS,16,1.527449439
BUDGETFONDS,17,1.698081593
BUDGETFONDS,18,1.887775151
BUDGETFONDS,19,2.098659472
BUDGETFONDS,20,2.333101789
BUDGETFONDS,21,2.88639551
BUDGETFONDS,22,2.88639551
BUDGETFONDS,23,2.88639551
BUDGETFONDS,24,2.88639551
BUDGETFONDS,25,2.88639551
BUDGETFONDS,26,2.88639551
BUDGETFONDS,27,2.88639551
BUDGETFONDS,28,2.88639551
BUDGETFONDS,29,2.88639551
BUDGETFONDS,30,2.88639551
BUDGETFONDS,31,2.88639551
BUDGETFONDS,32,2.88639551
BUDGETFONDS,33,2.88639551
BUDGETFONDS,34,2.88639551
BUDGETFONDS,35,2.88639551
BUDGETFONDS,36,2.88639551
BUDGETFONDS,37,2.88639551
BUDGETFONDS,38,2.88639551
BUDGETFONDS,39,2.88639551
BUDGETFONDS,40,2.88639551
BUDGETFONDS,41,2.88639551
DEPOT,0,0.040719222
DEPOT,1,0.38263101
DEPOT,2,0.346803037
DEPOT,3,0.38554458
DEPOT,4,0.428613961
DEPOT,5,0.476494645
DEPOT,6,0.529724104
DEPOT,7,0.588899853
DEPOT,8,0.654686155
DEPOT,9,0.727821478
DEPOT,10,0.809126785
DEPOT,11,0.89951475
DEPOT,12,1.0
DEPOT,13,1.111710508
DEPOT,14,1.235900255
DEPOT,15,1.3739633
DEPOT,16,1.527449439
DEPOT,17,1.698081593
DEPOT,18,1.887775151
DEPOT,19,2.098659472
DEPOT,20,2.333101789
DEPOT,21,2.88639551
DEPOT,22,2.88639551
DEPOT,23,2.88639551
DEPOT,24,2.88639551
DEPOT,25,2.88639551
DEPOT,26,2.88639551
DEPOT,27,2.88639551
DEPOT,28,2.88639551
DEPOT,29,2.88639551
DEPOT,30,2.88639551
DEPOT,31,2.88639551
DEPOT,32,2.88639551
DEPOT,33,2.88639551
DEPOT,34,2.88639551
DEPOT,35,2.88639551
DEPOT,36,2.88639551
DEPOT,37,2.88639551
DEPOT,38,2.88639551
DEPOT,39,2.88639551
DEPOT,40,2.88639551
DEPOT,41,2.88639551
FISCAALVOORDEELPLAN,0,0.040719222
FISCAALVOORDEELPLAN,1,0.38263101
FISCAALVOORDEELPLAN,2,0.346803037
FISCAALVOORDEELPLAN,3,0.38554458
FISCAALVOORDEELPLAN,4,0.428613961
FISCAALVOORDEELPLAN,5,0.476494645
FISCAALVOORDEELPLAN,6,0.529724104
FISCAALVOORDEELPLAN,7,0.588899853
FISCAALVOORDEELPLAN,8,0.654686155
FISCAALVOORDEELPLAN,9,0.727821478
FISCAALVOORDEELPLAN,10,0.809126785
FISCAALVOORDEELPLAN,11,0.89951475
FISCAALVOORDEELPLAN,12,1.0
FISCAALVOORDEELPLAN,13,1.111710508
FISCAALVOORDEELPLAN,14,1.235900255
FISCAALVOORDEELPLAN,15,1.3739633
FISCAALVOORDEELPLAN,16,1.527449439
FISCAALVOORDEELPLAN,17,1.698081593
FISCAALVOORDEELPLAN,18,1.887775151
FISCAALVOORDEELPLAN,19,2.098659472
FISCAALVOORDEELPLAN,20,2.333101789
FISCAALVOORDEELPLAN,21,2.88639551
FISCAALVOORDEELPLAN,22,2.88639551
FISCAALVOORDEELPLAN,23,2.88639551
FISCAALVOORDEELPLAN,24,2.88639551
FISCAALVOORDEELPLAN,25,2.88639551
FISCAALVOORDEELPLAN,26,2.88639551
FISCAALVOORDEELPLAN,27,2.88639551
FISCAALVOORDEELPLAN,28,2.88639551
FISCAALVOORDEELPLAN,29,2.88639551
FISCAALVOORDEELPLAN,30,2.88639551
FISCAALVOORDEELPLAN,31,2.88639551
FISCAALVOORDEELPLAN,32,2.88639551
FISCAALVOORDEELPLAN,33,2.88639551
FISCAALVOORDEELPLAN,34,2.88639551
FISCAALVOORDEELPLAN,35,2.88639551
FISCAALVOORDEELPLAN,36,2.88639551
FISCAALVOORDEELPLAN,37,2.88639551
FISCAALVOORDEELPLAN,38,2.88639551
FISCAALVOORDEELPLAN,39,2.88639551
FISCAALVOORDEELPLAN,40,2.88639551
FISCAALVOORDEELPLAN,41,2.88639551
FP_1,0,1.0
FP_1,1,1.0
FP_1,2,1.0
FP_1,3,1.0
FP_1,4,1.0
FP_1,5,0.892648692
FP_1,6,0.952580186
FP_1,7,1.016535418
FP_1,8,1.084784536
FP_1,9,1.157615829
FP_1,10,1.235336938
FP_1,11,1.318276161
FP_1,12,1.406783836
FP_1,13,1.501233823
FP_1,14,1.602025083
FP_1,15,1.709583362
FP_1,16,1.824362991
FP_1,17,1.946848804
FP_1,18,2.077558185
FP_1,19,2.217043256
FP_1,20,2.365893208
FP_1,21,2.52473679
FP_1,22,2.694244963
FP_1,23,2.875133736
FP_1,24,3.068167191
FP_1,25,3.274160709
FP_1,26,3.493984415
FP_1,27,3.728566854
FP_1,28,3.978898911
FP_1,29,4.246037999
FP_1,30,4.531112525
FP_1,31,4.531112525
FP_1,32,4.531112525
FP_1,33,4.531112525
FP_1,34,4.531112525
FP_1,35,4.531112525
FP_1,36,4.531112525
FP_1,37,4.531112525
FP_1,38,4.531112525
FP_1,39,4.531112525
FP_1,40,4.531112525
FP_1,41,4.531112525
FP_2,0,0.040719222
FP_2,1,0.38263101
FP_2,2,0.346803037
FP_2,3,0.38554458
FP_2,4,0.428613961
FP_2,5,0.476494645
FP_2,6,0.529724104
FP_2,7,0.588899853
FP_2,8,0.654686155
FP_2,9,0.727821478
FP_2,10,0.809126785
FP_2,11,0.89951475
FP_2,12,1.0
FP_2,13,1.111710508
FP_2,14,1.235900255
FP_2,15,1.3739633
FP_2,16,1.527449439
FP_2,17,1.698081593
FP_2,18,1.887775151
FP_2,19,2.098659472
FP_2,20,2.333101789
FP_2,21,2.88639551
FP_2,22,2.88639551
FP_2,23,2.88639551
FP_2,24,2.88639551
FP_2,25,2.88639551
FP_2,26,2.88639551
FP_2,27,2.88639551
FP_2,28,2.88639551
FP_2,29,2.88639551
FP_2,30,2.88639551
FP_2,31,2.88639551
FP_2,32,2.88639551
FP_2,33,2.88639551
FP_2,34,2.88639551
FP_2,35,2.88639551
FP_2,36,2.88639551
FP_2,37,2.88639551
FP_2,38,2.88639551
FP_2,39,2.88639551
FP_2,40,2.88639551
FP_2,41,2.88639551
FP_3,0,0.0
FP_3,1,0.0
FP_3,2,0.0
FP_3,3,0.0
FP_3,4,0.0
FP_3,5,0.0
FP_3,6,0.0
FP_3,7,0.0
FP_3,8,0.0
FP_3,9,0.0
FP_3,10,0.0
FP_3,11,0.0
FP_3,12,0.0
FP_3,13,0.0
FP_3,14,0.0
FP_3,15,0.0
FP_3,16,0.0
FP_3,17,0.0
FP_3,18,0.0
FP_3,19,0.0
FP_3,20,0.0
FP_3,21,0.0
FP_3,22,0.0
FP_3,23,0.0
FP_3,24,0.0
FP_3,25,0.0
FP_3,26,0.0
FP_3,27,0.0
FP_3,28,0.0
FP_3,29,0.0
FP_3,30,0.0
FP_3,31,0.0
FP_3,32,0.0
FP_3,33,0.0
FP_3,34,0.0
FP_3,35,0.0
FP_3,36,0.0
FP_3,37,0.0
FP_3,38,0.0
FP_3,39,0.0
FP_3,40,0.0
FP_3,41,0.0
FP_4,0,0.0
FP_4,1,0.0
FP_4,2,0.0
FP_4,3,0.0
FP_4,4,0.0
FP_4,5,0.0
FP_4,6,0.0
FP_4,7,0.0
FP_4,8,0.0
FP_4,9,0.0
FP_4,10,0.0
FP_4,11,0.0
FP_4,12,0.0
FP_4,13,0.0
FP_4,14,0.0
FP_4,15,0.0
FP_4,16,0.0
FP_4,17,0.0
FP_4,18,0.0
FP_4,19,0.0
FP_4,20,0.0
FP_4,21,0.0
FP_4,22,0.0
FP_4,23,0.0
FP_4,24,0.0
FP_4,25,0.0
FP_4,26,0.0
FP_4,27,0.0
FP_4,28,0.0
FP_4,29,0.0
FP_4,30,0.0
FP_4,31,0.0
FP_4,32,0.0
FP_4,33,0.0
FP_4,34,0.0
FP_4,35,0.0
FP_4,36,0.0
FP_4,37,0.0
FP_4,38,0.0
FP_4,39,0.0
FP_4,40,0.0
FP_4,41,0.0
FP_5,0,0.040719222
FP_5,1,0.38263101
FP_5,2,0.346803037
FP_5,3,0.38554458
FP_5,4,0.428613961
FP_5,5,0.476494645
FP_5,6,0.529724104
FP_5,7,0.588899853
FP_5,8,0.654686155
FP_5,9,0.727821478
FP_5,10,0.809126785
FP_5,11,0.89951475
FP_5,12,1.0
FP_5,13,1.111710508
FP_5,14,1.235900255
FP_5,15,1.3739633
FP_5,16,1.527449439
FP_5,17,1.698081593
FP_5,18,1.887775151
FP_5,19,2.098659472
FP_5,20,2.333101789
FP_5,21,2.88639551
FP_5,22,2.88639551
FP_5,23,2.88639551
FP_5,24,2.88639551
FP_5,25,2.88639551
FP_5,26,2.88639551
FP_5,27,2.88639551
FP_5,28,2.88639551
FP_5,29,2.88639551
FP_5,30,2.88639551
FP_5,31,2.88639551
FP_5,32,2.88639551
FP_5,33,2.88639551
FP_5,34,2.88639551
FP_5,35,2.88639551
FP_5,36,2.88639551
FP_5,37,2.88639551
FP_5,38,2.88639551
FP_5,39,2.88639551
FP_5,40,2.88639551
FP_5,41,2.88639551
FP_6,0,1.0
FP_6,1,1.0
FP_6,2,0.715275691
FP_6,3,0.566843645
FP_6,4,0.44921381
FP_6,5,0.355994195
FP_6,6,0.282119258
FP_6,7,0.223574645
FP_6,8,0.136180512
FP_6,9,0.136147407
FP_6,10,0.136114309
FP_6,11,0.13608122
FP_6,12,0.136048138
FP_6,13,0.136015065
FP_6,14,0.135981999
FP_6,15,0.135948942
FP_6,16,0.135915893
FP_6,17,0.135882851
FP_6,18,0.135849818
FP_6,19,0.135816793
FP_6,20,0.135783776
FP_6,21,0.135750767
FP_6,22,0.135717766
FP_6,23,0.135684772
FP_6,24,0.135651787
FP_6,25,0.13561881
FP_6,26,0.135585841
FP_6,27,0.13555288
FP_6,28,0.135519927
FP_6,29,0.135486982
FP_6,30,0.262620667
FP_6,31,0.262620667
FP_6,32,0.262620667
FP_6,33,0.262620667
FP_6,34,0.262620667
FP_6,35,0.262620667
FP_6,36,0.262620667
FP_6,37,0.262620667
FP_6,38,0.262620667
FP_6,39,0.262620667
FP_6,40,0.262620667
FP_6,41,0.262620667
FP_7,0,0.0050409
FP_7,1,0.021942978
FP_7,2,0.044695449
FP_7,3,0.038247452
FP_7,4,0.032729676
FP_7,5,0.028007923
FP_7,6,0.023967355
FP_7,7,0.026637486
FP_7,8,0.028059808
FP_7,9,0.029558076
FP_7,10,0.031136345
FP_7,11,0.032798887
FP_7,12,0.0345502
FP_7,13,0.036395026
FP_7,14,0.038338358
FP_7,15,0.040385455
FP_7,16,0.042541857
FP_7,17,0.044813402
FP_7,18,0.047206237
FP_7,19,0.049726839
FP_7,20,0.052382029
FP_7,21,0.055178995
FP_7,22,0.058125306
FP_7,23,0.061228937
FP_7,24,0.064498289
FP_7,25,0.067942208
FP_7,26,0.071570018
FP_7,27,0.075391537
FP_7,28,0.079417107
FP_7,29,0.083657625
FP_7,30,0.088124568
FP_7,31,0.092830025
FP_7,32,0.097786733
FP_7,33,0.103008107
FP_7,34,0.108508279
FP_7,35,0.114302135
FP_7,36,0.120405357
FP_7,37,0.126834464
FP_7,38,0.133606857
FP_7,39,0.140740865
FP_7,40,0.148255797
FP_7,41,0.226762962
FP_8,0,0.040719222
FP_8,1,0.38263101
FP_8,2,0.346803037
FP_8,3,0.38554458
FP_8,4,0.428613961
FP_8,5,0.476494645
FP_8,6,0.529724104
FP_8,7,0.588899853
FP_8,8,0.654686155
FP_8,9,0.727821478
FP_8,10,0.809126785
FP_8,11,0.89951475
FP_8,12,1.0
FP_8,13,1.111710508
FP_8,14,1.235900255
FP_8,15,1.3739633
FP_8,16,1.527449439
FP_8,17,1.698081593
FP_8,18,1.887775151
FP_8,19,2.098659472
FP_8,20,2.333101789
FP_8,21,2.88639551
FP_8,22,2.88639551
FP_8,23,2.88639551
FP_8,24,2.88639551
FP_8,25,2.88639551
FP_8,26,2.88639551
FP_8,27,2.88639551
FP_8,28,2.88639551
FP_8,29,2.88639551
FP_8,30,2.88639551
FP_8,31,2.88639551
FP_8,32,2.88639551
FP_8,33,2.88639551
FP_8,34,2.88639551
FP_8,35,2.88639551
FP_8,36,2.88639551
FP_8,37,2.88639551
FP_8,38,2.88639551
FP_8,39,2.88639551
FP_8,40,2.88639551
FP_8,41,2.88639551
GARANTIEPLAN,0,0.040719222
GARANTIEPLAN,1,0.38263101
GARANTIEPLAN,2,0.346803037
GARANTIEPLAN,3,0.38554458
GARANTIEPLAN,4,0.428613961
GARANTIEPLAN,5,0.476494645
GARANTIEPLAN,6,0.529724104
GARANTIEPLAN,7,0.588899853
GARANTIEPLAN,8,0.654686155
GARANTIEPLAN,9,0.727821478
GARANTIEPLAN,10,0.809126785
GARANTIEPLAN,11,0.89951475
GARANTIEPLAN,12,1.0
GARANTIEPLAN,13,1.111710508
GARANTIEPLAN,14,1.235900255
GARANTIEPLAN,15,1.3739633
GARANTIEPLAN,16,1.527449439
GARANTIEPLAN,17,1.698081593
GARANTIEPLAN,18,1.887775151
GARANTIEPLAN,19,2.098659472
GARANTIEPLAN,20,2.333101789
GARANTIEPLAN,21,2.88639551
GARANTIEPLAN,22,2.88639551
GARANTIEPLAN,23,2.88639551
GARANTIEPLAN,24,2.88639551
GARANTIEPLAN,25,2.88639551
GARANTIEPLAN,26,2.88639551
GARANTIEPLAN,27,2.88639551
GARANTIEPLAN,28,2.88639551
GARANTIEPLAN,29,2.88639551
GARANTIEPLAN,30,2.88639551
GARANTIEPLAN,31,2.88639551
GARANTIEPLAN,32,2.88639551
GARANTIEPLAN,33,2.88639551
GARANTIEPLAN,34,2.88639551
GARANTIEPLAN,35,2.88639551
GARANTIEPLAN,36,2.88639551
GARANTIEPLAN,37,2.88639551
GARANTIEPLAN,38,2.88639551
GARANTIEPLAN,39,2.88639551
GARANTIEPLAN,40,2.88639551
GARANTIEPLAN,41,2.88639551
GOUDENHANDDRUK,0,0.040719222
GOUDENHANDDRUK,1,0.38263101
GOUDENHANDDRUK,2,0.346803037
GOUDENHANDDRUK,3,0.38554458
GOUDENHANDDRUK,4,0.428613961
GOUDENHANDDRUK,5,0.476494645
GOUDENHANDDRUK,6,0.529724104
GOUDENHANDDRUK,7,0.588899853
GOUDENHANDDRUK,8,0.654686155
GOUDENHANDDRUK,9,0.727821478
GOUDENHANDDRUK,10,0.809126785
GOUDENHANDDRUK,11,0.89951475
GOUDENHANDDRUK,12,1.0
GOUDENHANDDRUK,13,1.111710508
GOUDENHANDDRUK,14,1.235900255
GOUDENHANDDRUK,15,1.3739633
GOUDENHANDDRUK,16,1.527449439
GOUDENHANDDRUK,17,1.698081593
GOUDENHANDDRUK,18,1.887775151
GOUDENHANDDRUK,19,2.098659472
GOUDENHANDDRUK,20,2.333101789
GOUDENHANDDRUK,21,2.88639551
GOUDENHANDDRUK,22,2.88639551
GOUDENHANDDRUK,23,2.88639551
GOUDENHANDDRUK,24,2.88639551
GOUDENHANDDRUK,25,2.88639551
GOUDENHANDDRUK,26,2.88639551
GOUDENHANDDRUK,27,2.88639551
GOUDENHANDDRUK,28,2.88639551
GOUDENHANDDRUK,29,2.88639551
GOUDENHANDDRUK,30,2.88639551
GOUDENHANDDRUK,31,2.88639551
GOUDENHANDDRUK,32,2.88639551
GOUDENHANDDRUK,33,2.88639551
GOUDENHANDDRUK,34,2.88639551
GOUDENHANDDRUK,35,2.88639551
GOUDENHANDDRUK,36,2.88639551
GOUDENHANDDRUK,37,2.88639551
GOUDENHANDDRUK,38,2.88639551
GOUDENHANDDRUK,39,2.88639551
GOUDENHANDDRUK,40,2.88639551
GOUDENHANDDRUK,41,2.88639551
HYPOTHEEK,0,0.0
HYPOTHEEK,1,0.0
HYPOTHEEK,2,0.0
HYPOTHEEK,3,0.0
HYPOTHEEK,4,0.0
HYPOTHEEK,5,0.0
HYPOTHEEK,6,0.0
HYPOTHEEK,7,0.0
HYPOTHEEK,8,0.0
HYPOTHEEK,9,0.0
HYPOTHEEK,10,0.0
HYPOTHEEK,11,0.0
HYPOTHEEK,12,0.0
HYPOTHEEK,13,0.0
HYPOTHEEK,14,0.0
HYPOTHEEK,15,0.0
HYPOTHEEK,16,0.0
HYPOTHEEK,17,0.0
HYPOTHEEK,18,0.0
HYPOTHEEK,19,0.0
HYPOTHEEK,20,0.0
HYPOTHEEK,21,0.0
HYPOTHEEK,22,0.0
HYPOTHEEK,23,0.0
HYPOTHEEK,24,0.0
HYPOTHEEK,25,0.0
HYPOTHEEK,26,0.0
HYPOTHEEK,27,0.0
HYPOTHEEK,28,0.0
HYPOTHEEK,29,0.0
HYPOTHEEK,30,0.0
HYPOTHEEK,31,0.0
HYPOTHEEK,32,0.0
HYPOTHEEK,33,0.0
HYPOTHEEK,34,0.0
HYPOTHEEK,35,0.0
HYPOTHEEK,36,0.0
HYPOTHEEK,37,0.0
HYPOTHEEK,38,0.0
HYPOTHEEK,39,0.0
HYPOTHEEK,40,0.0
HYPOTHEEK,41,0.0
KAPITAAL,0,0.040719222
KAPITAAL,1,0.38263101
KAPITAAL,2,0.346803037
KAPITAAL,3,0.38554458
KAPITAAL,4,0.428613961
KAPITAAL,5,0.476494645
KAPITAAL,6,0.529724104
KAPITAAL,7,0.588899853
KAPITAAL,8,0.654686155
KAPITAAL,9,0.727821478
KAPITAAL,10,0.809126785
KAPITAAL,11,0.89951475
KAPITAAL,12,1.0
KAPITAAL,13,1.111710508
KAPITAAL,14,1.235900255
KAPITAAL,15,1.3739633
KAPITAAL,16,1.527449439
KAPITAAL,17,1.698081593
KAPITAAL,18,1.887775151
KAPITAAL,19,2.098659472
KAPITAAL,20,2.333101789
KAPITAAL,21,2.88639551
KAPITAAL,22,2.88639551
KAPITAAL,23,2.88639551
KAPITAAL,24,2.88639551
KAPITAAL,25,2.88639551
KAPITAAL,26,2.88639551
KAPITAAL,27,2.88639551
KAPITAAL,28,2.88639551
KAPITAAL,29,2.88639551
KAPITAAL,30,2.88639551
KAPITAAL,31,2.88639551
KAPITAAL,32,2.88639551
KAPITAAL,33,2.88639551
KAPITAAL,34,2.88639551
KAPITAAL,35,2.88639551
KAPITAAL,36,2.88639551
KAPITAAL,37,2.88639551
KAPITAAL,38,2.88639551
KAPITAAL,39,2.88639551
KAPITAAL,40,2.88639551
KAPITAAL,41,2.88639551
KAPITAALPLAN,0,0.040719222
KAPITAALPLAN,1,0.38263101
KAPITAALPLAN,2,0.346803037
KAPITAALPLAN,3,0.38554458
KAPITAALPLAN,4,0.428613961
KAPITAALPLAN,5,0.476494645
KAPITAALPLAN,6,0.529724104
KAPITAALPLAN,7,0.588899853
KAPITAALPLAN,8,0.654686155
KAPITAALPLAN,9,0.727821478
KAPITAALPLAN,10,0.809126785
KAPITAALPLAN,11,0.89951475
KAPITAALPLAN,12,1.0
KAPITAALPLAN,13,1.111710508
KAPITAALPLAN,14,1.235900255
KAPITAALPLAN,15,1.3739633
KAPITAALPLAN,16,1.527449439
KAPITAALPLAN,17,1.698081593
KAPITAALPLAN,18,1.887775151
KAPITAALPLAN,19,2.098659472
KAPITAALPLAN,20,2.333101789
KAPITAALPLAN,21,2.88639551
KAPITAALPLAN,22,2.88639551
KAPITAALPLAN,23,2.88639551
KAPITAALPLAN,24,2.88639551
KAPITAALPLAN,25,2.88639551
KAPITAALPLAN,26,2.88639551
KAPITAALPLAN,27,2.88639551
KAPITAALPLAN,28,2.88639551
KAPITAALPLAN,29,2.88639551
KAPITAALPLAN,30,2.88639551
KAPITAALPLAN,31,2.88639551
KAPITAALPLAN,32,2.88639551
KAPITAALPLAN,33,2.88639551
KAPITAALPLAN,34,2.88639551
KAPITAALPLAN,35,2.88639551
KAPITAALPLAN,36,2.88639551
KAPITAALPLAN,37,2.88639551
KAPITAALPLAN,38,2.88639551
KAPITAALPLAN,39,2.88639551
KAPITAALPLAN,40,2.88639551
KAPITAALPLAN,41,2.88639551
KOERSPLAN,0,0.040719222
KOERSPLAN,1,0.38263101
KOERSPLAN,2,0.346803037
KOERSPLAN,3,0.38554458
KOERSPLAN,4,0.428613961
KOERSPLAN,5,0.476494645
KOERSPLAN,6,0.529724104
KOERSPLAN,7,0.588899853
KOERSPLAN,8,0.654686155
KOERSPLAN,9,0.727821478
KOERSPLAN,10,0.809126785
KOERSPLAN,11,0.89951475
KOERSPLAN,12,1.0
KOERSPLAN,13,1.111710508
KOERSPLAN,14,1.235900255
KOERSPLAN,15,1.3739633
KOERSPLAN,16,1.527449439
KOERSPLAN,17,1.698081593
KOERSPLAN,18,1.887775151
KOERSPLAN,19,2.098659472
KOERSPLAN,20,2.333101789
KOERSPLAN,21,2.88639551
KOERSPLAN,22,2.88639551
KOERSPLAN,23,2.88639551
KOERSPLAN,24,2.88639551
KOERSPLAN,25,2.88639551
KOERSPLAN,26,2.88639551
KOERSPLAN,27,2.88639551
KOERSPLAN,28,2.88639551
KOERSPLAN,29,2.88639551
KOERSPLAN,30,2.88639551
KOERSPLAN,31,2.88639551
KOERSPLAN,32,2.88639551
KOERSPLAN,33,2.88639551
KOERSPLAN,34,2.88639551
KOERSPLAN,35,2.88639551
KOERSPLAN,36,2.88639551
KOERSPLAN,37,2.88639551
KOERSPLAN,38,2.88639551
KOERSPLAN,39,2.88639551
KOERSPLAN,40,2.88639551
KOERSPLAN,41,2.88639551
KOOPSOM,0,0.040719222
KOOPSOM,1,0.38263101
KOOPSOM,2,0.346803037
KOOPSOM,3,0.38554458
KOOPSOM,4,0.428613961
KOOPSOM,5,0.476494645
KOOPSOM,6,0.529724104
KOOPSOM,7,0.588899853
KOOPSOM,8,0.654686155
KOOPSOM,9,0.727821478
KOOPSOM,10,0.809126785
KOOPSOM,11,0.89951475
KOOPSOM,12,1.0
KOOPSOM,13,1.111710508
KOOPSOM,14,1.235900255
KOOPSOM,15,1.3739633
KOOPSOM,16,1.527449439
KOOPSOM,17,1.698081593
KOOPSOM,18,1.887775151
KOOPSOM,19,2.098659472
KOOPSOM,20,2.333101789
KOOPSOM,21,2.88639551
KOOPSOM,22,2.88639551
KOOPSOM,23,2.88639551
KOOPSOM,24,2.88639551
KOOPSOM,25,2.88639551
KOOPSOM,26,2.88639551
KOOPSOM,27,2.88639551
KOOPSOM,28,2.88639551
KOOPSOM,29,2.88639551
KOOPSOM,30,2.88639551
KOOPSOM,31,2.88639551
KOOPSOM,32,2.88639551
KOOPSOM,33,2.88639551
KOOPSOM,34,2.88639551
KOOPSOM,35,2.88639551
KOOPSOM,36,2.88639551
KOOPSOM,37,2.88639551
KOOPSOM,38,2.88639551
KOOPSOM,39,2.88639551
KOOPSOM,40,2.88639551
KOOPSOM,41,2.88639551
LIJFRENTE,0,0.040719222
LIJFRENTE,1,0.38263101
LIJFRENTE,2,0.346803037
LIJFRENTE,3,0.38554458
LIJFRENTE,4,0.428613961
LIJFRENTE,5,0.476494645
LIJFRENTE,6,0.529724104
LIJFRENTE,7,0.588899853
LIJFRENTE,8,0.654686155
LIJFRENTE,9,0.727821478
LIJFRENTE,10,0.809126785
LIJFRENTE,11,0.89951475
LIJFRENTE,12,1.0
LIJFRENTE,13,1.111710508
LIJFRENTE,14,1.235900255
LIJFRENTE,15,1.3739633
LIJFRENTE,16,1.527449439
LIJFRENTE,17,1.698081593
LIJFRENTE,18,1.887775151
LIJFRENTE,19,2.098659472
LIJFRENTE,20,2.333101789
LIJFRENTE,21,2.88639551
LIJFRENTE,22,2.88639551
LIJFRENTE,23,2.88639551
LIJFRENTE,24,2.88639551
LIJFRENTE,25,2.88639551
LIJFRENTE,26,2.88639551
LIJFRENTE,27,2.88639551
LIJFRENTE,28,2.88639551
LIJFRENTE,29,2.88639551
LIJFRENTE,30,2.88639551
LIJFRENTE,31,2.88639551
LIJFRENTE,32,2.88639551
LIJFRENTE,33,2.88639551
LIJFRENTE,34,2.88639551
LIJFRENTE,35,2.88639551
LIJFRENTE,36,2.88639551
LIJFRENTE,37,2.88639551
LIJFRENTE,38,2.88639551
LIJFRENTE,39,2.88639551
LIJFRENTE,40,2.88639551
LIJFRENTE,41,2.88639551
LLH,0,1.0
LLH,1,1.0
LLH,2,1.0
LLH,3,1.0
LLH,4,1.0
LLH,5,0.892648692
LLH,6,0.952580186
LLH,7,1.016535418
LLH,8,1.084784536
LLH,9,1.157615829
LLH,10,1.235336938
LLH,11,1.318276161
LLH,12,1.406783836
LLH,13,1.501233823
LLH,14,1.602025083
LLH,15,1.709583362
LLH,16,1.824362991
LLH,17,1.946848804
LLH,18,2.077558185
LLH,19,2.217043256
LLH,20,2.365893208
LLH,21,2.52473679
LLH,22,2.694244963
LLH,23,2.875133736
LLH,24,3.068167191
LLH,25,3.274160709
LLH,26,3.493984415
LLH,27,3.728566854
LLH,28,3.978898911
LLH,29,4.246037999
LLH,30,4.531112525
LLH,31,4.531112525
LLH,32,4.531112525
LLH,33,4.531112525
LLH,34,4.531112525
LLH,35,4.531112525
LLH,36,4.531112525
LLH,37,4.531112525
LLH,38,4.531112525
LLH,39,4.531112525
LLH,40,4.531112525
LLH,41,4.531112525
LLI,0,0.0
LLI,1,0.0
LLI,2,0.0
LLI,3,0.0
LLI,4,0.0
LLI,5,0.0
LLI,6,0.0
LLI,7,0.0
LLI,8,0.0
LLI,9,0.0
LLI,10,0.0
LLI,11,0.0
LLI,12,0.0
LLI,13,0.0
LLI,14,0.0
LLI,15,0.0
LLI,16,0.0
LLI,17,0.0
LLI,18,0.0
LLI,19,0.0
LLI,20,0.0
LLI,21,0.0
LLI,22,0.0
LLI,23,0.0
LLI,24,0.0
LLI,25,0.0
LLI,26,0.0
LLI,27,0.0
LLI,28,0.0
LLI,29,0.0
LLI,30,0.0
LLI,31,0.0
LLI,32,0.0
LLI,33,0.0
LLI,34,0.0
LLI,35,0.0
LLI,36,0.0
LLI,37,0.0
LLI,38,0.0
LLI,39,0.0
LLI,40,0.0
LLI,41,0.0
LLJ,0,0.040719222
LLJ,1,0.38263101
LLJ,2,0.346803037
LLJ,3,0.38554458
LLJ,4,0.428613961
LLJ,5,0.476494645
LLJ,6,0.529724104
LLJ,7,0.588899853
LLJ,8,0.654686155
LLJ,9,0.727821478
LLJ,10,0.809126785
LLJ,11,0.89951475
LLJ,12,1.0
LLJ,13,1.111710508
LLJ,14,1.235900255
LLJ,15,1.3739633
LLJ,16,1.527449439
LLJ,17,1.698081593
LLJ,18,1.887775151
LLJ,19,2.098659472
LLJ,20,2.333101789
LLJ,21,2.88639551
LLJ,22,2.88639551
LLJ,23,2.88639551
LLJ,24,2.88639551
LLJ,25,2.88639551
LLJ,26,2.88639551
LLJ,27,2.88639551
LLJ,28,2.88639551
LLJ,29,2.88639551
LLJ,30,2.88639551
LLJ,31,2.88639551
LLJ,32,2.88639551
LLJ,33,2.88639551
LLJ,34,2.88639551
LLJ,35,2.88639551
LLJ,36,2.88639551
LLJ,37,2.88639551
LLJ,38,2.88639551
LLJ,39,2.88639551
LLJ,40,2.88639551
LLJ,41,2.88639551
LLK,0,0.0
LLK,1,0.0
LLK,2,0.0
LLK,3,0.0
LLK,4,0.0
LLK,5,0.0
LLK,6,0.0
LLK,7,0.0
LLK,8,0.0
LLK,9,0.0
LLK,10,0.0
LLK,11,0.0
LLK,12,0.0
LLK,13,0.0
LLK,14,0.0
LLK,15,0.0
LLK,16,0.0
LLK,17,0.0
LLK,18,0.0
LLK,19,0.0
LLK,20,0.0
LLK,21,0.0
LLK,22,0.0
LLK,23,0.0
LLK,24,0.0
LLK,25,0.0
LLK,26,0.0
LLK,27,0.0
LLK,28,0.0
LLK,29,0.0
LLK,30,0.0
LLK,31,0.0
LLK,32,0.0
LLK,33,0.0
LLK,34,0.0
LLK,35,0.0
LLK,36,0.0
LLK,37,0.0
LLK,38,0.0
LLK,39,0.0
LLK,40,0.0
LLK,41,0.0
LLP,0,0.040719222
LLP,1,0.38263101
LLP,2,0.346803037
LLP,3,0.38554458
LLP,4,0.428613961
LLP,5,0.476494645
LLP,6,0.529724104
LLP,7,0.588899853
LLP,8,0.654686155
LLP,9,0.727821478
LLP,10,0.809126785
LLP,11,0.89951475
LLP,12,1.0
LLP,13,1.111710508
LLP,14,1.235900255
LLP,15,1.3739633
LLP,16,1.527449439
LLP,17,1.698081593
LLP,18,1.887775151
LLP,19,2.098659472
LLP,20,2.333101789
LLP,21,2.88639551
LLP,22,2.88639551
LLP,23,2.88639551
LLP,24,2.88639551
LLP,25,2.88639551
LLP,26,2.88639551
LLP,27,2.88639551
LLP,28,2.88639551
LLP,29,2.88639551
LLP,30,2.88639551
LLP,31,2.88639551
LLP,32,2.88639551
LLP,33,2.88639551
LLP,34,2.88639551
LLP,35,2.88639551
LLP,36,2.88639551
LLP,37,2.88639551
LLP,38,2.88639551
LLP,39,2.88639551
LLP,40,2.88639551
LLP,41,2.88639551
LLV,0,0.040719222
LLV,1,0.38263101
LLV,2,0.346803037
LLV,3,0.38554458
LLV,4,0.428613961
LLV,5,0.476494645
LLV,6,0.529724104
LLV,7,0.588899853
LLV,8,0.654686155
LLV,9,0.727821478
LLV,10,0.809126785
LLV,11,0.89951475
LLV,12,1.0
LLV,13,1.111710508
LLV,14,1.235900255
LLV,15,1.3739633
LLV,16,1.527449439
LLV,17,1.698081593
LLV,18,1.887775151
LLV,19,2.098659472
LLV,20,2.333101789
LLV,21,2.88639551
LLV,22,2.88639551
LLV,23,2.88639551
LLV,24,2.88639551
LLV,25,2.88639551
LLV,26,2.88639551
LLV,27,2.88639551
LLV,28,2.88639551
LLV,29,2.88639551
LLV,30,2.88639551
LLV,31,2.88639551
LLV,32,2.88639551
LLV,33,2.88639551
LLV,34,2.88639551
LLV,35,2.88639551
LLV,36,2.88639551
LLV,37,2.88639551
LLV,38,2.88639551
LLV,39,2.88639551
LLV,40,2.88639551
LLV,41,2.88639551
LLW,0,0.040719222
LLW,1,0.38263101
LLW,2,0.346803037
LLW,3,0.38554458
LLW,4,0.428613961
LLW,5,0.476494645
LLW,6,0.529724104
LLW,7,0.588899853
LLW,8,0.654686155
LLW,9,0.727821478
LLW,10,0.809126785
LLW,11,0.89951475
LLW,12,1.0
LLW,13,1.111710508
LLW,14,1.235900255
LLW,15,1.3739633
LLW,16,1.527449439
LLW,17,1.698081593
LLW,18,1.887775151
LLW,19,2.098659472
LLW,20,2.333101789
LLW,21,2.88639551
LLW,22,2.88639551
LLW,23,2.88639551
LLW,24,2.88639551
LLW,25,2.88639551
LLW,26,2.88639551
LLW,27,2.88639551
LLW,28,2.88639551
LLW,29,2.88639551
LLW,30,2.88639551
LLW,31,2.88639551
LLW,32,2.88639551
LLW,33,2.88639551
LLW,34,2.88639551
LLW,35,2.88639551
LLW,36,2.88639551
LLW,37,2.88639551
LLW,38,2.88639551
LLW,39,2.88639551
LLW,40,2.88639551
LLW,41,2.88639551
MM_CP,0,0.040719222
MM_CP,1,0.38263101
MM_CP,2,0.346803037
MM_CP,3,0.38554458
MM_CP,4,0.428613961
MM_CP,5,0.476494645
MM_CP,6,0.529724104
MM_CP,7,0.588899853
MM_CP,8,0.654686155
MM_CP,9,0.727821478
MM_CP,10,0.809126785
MM_CP,11,0.89951475
MM_CP,12,1.0
MM_CP,13,1.111710508
MM_CP,14,1.235900255
MM_CP,15,1.3739633
MM_CP,16,1.527449439
MM_CP,17,1.698081593
MM_CP,18,1.887775151
MM_CP,19,2.098659472
MM_CP,20,2.333101789
MM_CP,21,2.88639551
MM_CP,22,2.88639551
MM_CP,23,2.88639551
MM_CP,24,2.88639551
MM_CP,25,2.88639551
MM_CP,26,2.88639551
MM_CP,27,2.88639551
MM_CP,28,2.88639551
MM_CP,29,2.88639551
MM_CP,30,2.88639551
MM_CP,31,2.88639551
MM_CP,32,2.88639551
MM_CP,33,2.88639551
MM_CP,34,2.88639551
MM_CP,35,2.88639551
MM_CP,36,2.88639551
MM_CP,37,2.88639551
MM_CP,38,2.88639551
MM_CP,39,2.88639551
MM_CP,40,2.88639551
MM_CP,41,2.88639551
MM_EP,0,0.040719222
MM_EP,1,0.38263101
MM_EP,2,0.346803037
MM_EP,3,0.38554458
MM_EP,4,0.428613961
MM_EP,5,0.476494645
MM_EP,6,0.529724104
MM_EP,7,0.588899853
MM_EP,8,0.654686155
MM_EP,9,0.727821478
MM_EP,10,0.809126785
MM_EP,11,0.89951475
MM_EP,12,1.0
MM_EP,13,1.111710508
MM_EP,14,1.235900255
MM_EP,15,1.3739633
MM_EP,16,1.527449439
MM_EP,17,1.698081593
MM_EP,18,1.887775151
MM_EP,19,2.098659472
MM_EP,20,2.333101789
MM_EP,21,2.88639551
MM_EP,22,2.88639551
MM_EP,23,2.88639551
MM_EP,24,2.88639551
MM_EP,25,2.88639551
MM_EP,26,2.88639551
MM_EP,27,2.88639551
MM_EP,28,2.88639551
MM_EP,29,2.88639551
MM_EP,30,2.88639551
MM_EP,31,2.88639551
MM_EP,32,2.88639551
MM_EP,33,2.88639551
MM_EP,34,2.88639551
MM_EP,35,2.88639551
MM_EP,36,2.88639551
MM_EP,37,2.88639551
MM_EP,38,2.88639551
MM_EP,39,2.88639551
MM_EP,40,2.88639551
MM_EP,41,2.88639551
MM_KP,0,0.040719222
MM_KP,1,0.38263101
MM_KP,2,0.346803037
MM_KP,3,0.38554458
MM_KP,4,0.428613961
MM_KP,5,0.476494645
MM_KP,6,0.529724104
MM_KP,7,0.588899853
MM_KP,8,0.654686155
MM_KP,9,0.727821478
MM_KP,10,0.809126785
MM_KP,11,0.89951475
MM_KP,12,1.0
MM_KP,13,1.111710508
MM_KP,14,1.235900255
MM_KP,15,1.3739633
MM_KP,16,1.527449439
MM_KP,17,1.698081593
MM_KP,18,1.887775151
MM_KP,19,2.098659472
MM_KP,20,2.333101789
MM_KP,21,2.88639551
MM_KP,22,2.88639551
MM_KP,23,2.88639551
MM_KP,24,2.88639551
MM_KP,25,2.88639551
MM_KP,26,2.88639551
MM_KP,27,2.88639551
MM_KP,28,2.88639551
MM_KP,29,2.88639551
MM_KP,30,2.88639551
MM_KP,31,2.88639551
MM_KP,32,2.88639551
MM_KP,33,2.88639551
MM_KP,34,2.88639551
MM_KP,35,2.88639551
MM_KP,36,2.88639551
MM_KP,37,2.88639551
MM_KP,38,2.88639551
MM_KP,39,2.88639551
MM_KP,40,2.88639551
MM_KP,41,2.88639551
NETTO_LIJFRENTE,0,0.040719222
NETTO_LIJFRENTE,1,0.38263101
NETTO_LIJFRENTE,2,0.346803037
NETTO_LIJFRENTE,3,0.38554458
NETTO_LIJFRENTE,4,0.428613961
NETTO_LIJFRENTE,5,0.476494645
NETTO_LIJFRENTE,6,0.529724104
NETTO_LIJFRENTE,7,0.588899853
NETTO_LIJFRENTE,8,0.654686155
NETTO_LIJFRENTE,9,0.727821478
NETTO_LIJFRENTE,10,0.809126785
NETTO_LIJFRENTE,11,0.89951475
NETTO_LIJFRENTE,12,1.0
NETTO_LIJFRENTE,13,1.111710508
NETTO_LIJFRENTE,14,1.235900255
NETTO_LIJFRENTE,15,1.3739633
NETTO_LIJFRENTE,16,1.527449439
NETTO_LIJFRENTE,17,1.698081593
NETTO_LIJFRENTE,18,1.887775151
NETTO_LIJFRENTE,19,2.098659472
NETTO_LIJFRENTE,20,2.333101789
NETTO_LIJFRENTE,21,2.88639551
NETTO_LIJFRENTE,22,2.88639551
NETTO_LIJFRENTE,23,2.88639551
NETTO_LIJFRENTE,24,2.88639551
NETTO_LIJFRENTE,25,2.88639551
NETTO_LIJFRENTE,26,2.88639551
NETTO_LIJFRENTE,27,2.88639551
NETTO_LIJFRENTE,28,2.88639551
NETTO_LIJFRENTE,29,2.88639551
NETTO_LIJFRENTE,30,2.88639551
NETTO_LIJFRENTE,31,2.88639551
NETTO_LIJFRENTE,32,2.88639551
NETTO_LIJFRENTE,33,2.88639551
NETTO_LIJFRENTE,34,2.88639551
NETTO_LIJFRENTE,35,2.88639551
NETTO_LIJFRENTE,36,2.88639551
NETTO_LIJFRENTE,37,2.88639551
NETTO_LIJFRENTE,38,2.88639551
NETTO_LIJFRENTE,39,2.88639551
NETTO_LIJFRENTE,40,2.88639551
NETTO_LIJFRENTE,41,2.88639551
OR_1,0,1.0
OR_1,1,1.0
OR_1,2,1.0
OR_1,3,1.0
OR_1,4,1.0
OR_1,5,0.892648692
OR_1,6,0.952580186
OR_1,7,1.016535418
OR_1,8,1.084784536
OR_1,9,1.157615829
OR_1,10,1.235336938
OR_1,11,1.318276161
OR_1,12,1.406783836
OR_1,13,1.501233823
OR_1,14,1.602025083
OR_1,15,1.709583362
OR_1,16,1.824362991
OR_1,17,1.946848804
OR_1,18,2.077558185
OR_1,19,2.217043256
OR_1,20,2.365893208
OR_1,21,2.52473679
OR_1,22,2.694244963
OR_1,23,2.875133736
OR_1,24,3.068167191
OR_1,25,3.274160709
OR_1,26,3.493984415
OR_1,27,3.728566854
OR_1,28,3.978898911
OR_1,29,4.246037999
OR_1,30,4.531112525
OR_1,31,4.531112525
OR_1,32,4.531112525
OR_1,33,4.531112525
OR_1,34,4.531112525
OR_1,35,4.531112525
OR_1,36,4.531112525
OR_1,37,4.531112525
OR_1,38,4.531112525
OR_1,39,4.531112525
OR_1,40,4.531112525
OR_1,41,4.531112525
OR_2,0,0.040719222
OR_2,1,0.38263101
OR_2,2,0.346803037
OR_2,3,0.38554458
OR_2,4,0.428613961
OR_2,5,0.476494645
OR_2,6,0.529724104
OR_2,7,0.588899853
OR_2,8,0.654686155
OR_2,9,0.727821478
OR_2,10,0.809126785
OR_2,11,0.89951475
OR_2,12,1.0
OR_2,13,1.111710508
OR_2,14,1.235900255
OR_2,15,1.3739633
OR_2,16,1.527449439
OR_2,17,1.698081593
OR_2,18,1.887775151
OR_2,19,2.098659472
OR_2,20,2.333101789
OR_2,21,2.88639551
OR_2,22,2.88639551
OR_2,23,2.88639551
OR_2,24,2.88639551
OR_2,25,2.88639551
OR_2,26,2.88639551
OR_2,27,2.88639551
OR_2,28,2.88639551
OR_2,29,2.88639551
OR_2,30,2.88639551
OR_2,31,2.88639551
OR_2,32,2.88639551
OR_2,33,2.88639551
OR_2,34,2.88639551
OR_2,35,2.88639551
OR_2,36,2.88639551
OR_2,37,2.88639551
OR_2,38,2.88639551
OR_2,39,2.88639551
OR_2,40,2.88639551
OR_2,41,2.88639551
OR_3,0,0.0
OR_3,1,0.0
OR_3,2,0.0
OR_3,3,0.0
OR_3,4,0.0
OR_3,5,0.0
OR_3,6,0.0
OR_3,7,0.0
OR_3,8,0.0
OR_3,9,0.0
OR_3,10,0.0
OR_3,11,0.0
OR_3,12,0.0
OR_3,13,0.0
OR_3,14,0.0
OR_3,15,0.0
OR_3,16,0.0
OR_3,17,0.0
OR_3,18,0.0
OR_3,19,0.0
OR_3,20,0.0
OR_3,21,0.0
OR_3,22,0.0
OR_3,23,0.0
OR_3,24,0.0
OR_3,25,0.0
OR_3,26,0.0
OR_3,27,0.0
OR_3,28,0.0
OR_3,29,0.0
OR_3,30,0.0
OR_3,31,0.0
OR_3,32,0.0
OR_3,33,0.0
OR_3,34,0.0
OR_3,35,0.0
OR_3,36,0.0
OR_3,37,0.0
OR_3,38,0.0
OR_3,39,0.0
OR_3,40,0.0
OR_3,41,0.0
OR_4,0,0.0
OR_4,1,0.0
OR_4,2,0.0
OR_4,3,0.0
OR_4,4,0.0
OR_4,5,0.0
OR_4,6,0.0
OR_4,7,0.0
OR_4,8,0.0
OR_4,9,0.0
OR_4,10,0.0
OR_4,11,0.0
OR_4,12,0.0
OR_4,13,0.0
OR_4,14,0.0
OR_4,15,0.0
OR_4,16,0.0
OR_4,17,0.0
OR_4,18,0.0
OR_4,19,0.0
OR_4,20,0.0
OR_4,21,0.0
OR_4,22,0.0
OR_4,23,0.0
OR_4,24,0.0
OR_4,25,0.0
OR_4,26,0.0
OR_4,27,0.0
OR_4,28,0.0
OR_4,29,0.0
OR_4,30,0.0
OR_4,31,0.0
OR_4,32,0.0
OR_4,33,0.0
OR_4,34,0.0
OR_4,35,0.0
OR_4,36,0.0
OR_4,37,0.0
OR_4,38,0.0
OR_4,39,0.0
OR_4,40,0.0
OR_4,41,0.0
OR_5,0,0.040719222
OR_5,1,0.38263101
OR_5,2,0.346803037
OR_5,3,0.38554458
OR_5,4,0.428613961
OR_5,5,0.476494645
OR_5,6,0.529724104
OR_5,7,0.588899853
OR_5,8,0.654686155
OR_5,9,0.727821478
OR_5,10,0.809126785
OR_5,11,0.89951475
OR_5,12,1.0
OR_5,13,1.111710508
OR_5,14,1.235900255
OR_5,15,1.3739633
OR_5,16,1.527449439
OR_5,17,1.698081593
OR_5,18,1.887775151
OR_5,19,2.098659472
OR_5,20,2.333101789
OR_5,21,2.88639551
OR_5,22,2.88639551
OR_5,23,2.88639551
OR_5,24,2.88639551
OR_5,25,2.88639551
OR_5,26,2.88639551
OR_5,27,2.88639551
OR_5,28,2.88639551
OR_5,29,2.88639551
OR_5,30,2.88639551
OR_5,31,2.88639551
OR_5,32,2.88639551
OR_5,33,2.88639551
OR_5,34,2.88639551
OR_5,35,2.88639551
OR_5,36,2.88639551
OR_5,37,2.88639551
OR_5,38,2.88639551
OR_5,39,2.88639551
OR_5,40,2.88639551
OR_5,41,2.88639551
OR_6,0,1.0
OR_6,1,1.0
OR_6,2,0.715275691
OR_6,3,0.566843645
OR_6,4,0.44921381
OR_6,5,0.355994195
OR_6,6,0.282119258
OR_6,7,0.223574645
OR_6,8,0.136180512
OR_6,9,0.136147407
OR_6,10,0.136114309
OR_6,11,0.13608122
OR_6,12,0.136048138
OR_6,13,0.136015065
OR_6,14,0.135981999
OR_6,15,0.135948942
OR_6,16,0.135915893
OR_6,17,0.135882851
OR_6,18,0.135849818
OR_6,19,0.135816793
OR_6,20,0.135783776
OR_6,21,0.135750767
OR_6,22,0.135717766
OR_6,23,0.135684772
OR_6,24,0.135651787
OR_6,25,0.13561881
OR_6,26,0.135585841
OR_6,27,0.13555288
OR_6,28,0.135519927
OR_6,29,0.135486982
OR_6,30,0.262620667
OR_6,31,0.262620667
OR_6,32,0.262620667
OR_6,33,0.262620667
OR_6,34,0.262620667
OR_6,35,0.262620667
OR_6,36,0.262620667
OR_6,37,0.262620667
OR_6,38,0.262620667
OR_6,39,0.262620667
OR_6,40,0.262620667
OR_6,41,0.262620667
OR_7,0,0.0050409
OR_7,1,0.021942978
OR_7,2,0.044695449
OR_7,3,0.038247452
OR_7,4,0.032729676
OR_7,5,0.028007923
OR_7,6,0.023967355
OR_7,7,0.026637486
OR_7,8,0.028059808
OR_7,9,0.029558076
OR_7,10,0.031136345
OR_7,11,0.032798887
OR_7,12,0.0345502
OR_7,13,0.036395026
OR_7,14,0.038338358
OR_7,15,0.040385455
OR_7,16,0.042541857
OR_7,17,0.044813402
OR_7,18,0.047206237
OR_7,19,0.049726839
OR_7,20,0.052382029
OR_7,21,0.055178995
OR_7,22,0.058125306
OR_7,23,0.061228937
OR_7,24,0.064498289
OR_7,25,0.067942208
OR_7,26,0.071570018
OR_7,27,0.075391537
OR_7,28,0.079417107
OR_7,29,0.083657625
OR_7,30,0.088124568
OR_7,31,0.092830025
OR_7,32,0.097786733
OR_7,33,0.103008107
OR_7,34,0.108508279
OR_7,35,0.114302135
OR_7,36,0.120405357
OR_7,37,0.126834464
OR_7,38,0.133606857
OR_7,39,0.140740865
OR_7,40,0.148255797
OR_7,41,0.226762962
OR_8,0,0.040719222
OR_8,1,0.38263101
OR_8,2,0.346803037
OR_8,3,0.38554458
OR_8,4,0.428613961
OR_8,5,0.476494645
OR_8,6,0.529724104
OR_8,7,0.588899853
OR_8,8,0.654686155
OR_8,9,0.727821478
OR_8,10,0.809126785
OR_8,11,0.89951475
OR_8,12,1.0
OR_8,13,1.111710508
OR_8,14,1.235900255
OR_8,15,1.3739633
OR_8,16,1.527449439
OR_8,17,1.698081593
OR_8,18,1.887775151
OR_8,19,2.098659472
OR_8,20,2.333101789
OR_8,21,2.88639551
OR_8,22,2.88639551
OR_8,23,2.88639551
OR_8,24,2.88639551
OR_8,25,2.88639551
OR_8,26,2.88639551
OR_8,27,2.88639551
OR_8,28,2.88639551
OR_8,29,2.88639551
OR_8,30,2.88639551
OR_8,31,2.88639551
OR_8,32,2.88639551
OR_8,33,2.88639551
OR_8,34,2.88639551
OR_8,35,2.88639551
OR_8,36,2.88639551
OR_8,37,2.88639551
OR_8,38,2.88639551
OR_8,39,2.88639551
OR_8,40,2.88639551
OR_8,41,2.88639551
OVERIG_GELIJKBLIJVEND,0,0.040719222
OVERIG_GELIJKBLIJVEND,1,0.38263101
OVERIG_GELIJKBLIJVEND,2,0.346803037
OVERIG_GELIJKBLIJVEND,3,0.38554458
OVERIG_GELIJKBLIJVEND,4,0.428613961
OVERIG_GELIJKBLIJVEND,5,0.476494645
OVERIG_GELIJKBLIJVEND,6,0.529724104
OVERIG_GELIJKBLIJVEND,7,0.588899853
OVERIG_GELIJKBLIJVEND,8,0.654686155
OVERIG_GELIJKBLIJVEND,9,0.727821478
OVERIG_GELIJKBLIJVEND,10,0.809126785
OVERIG_GELIJKBLIJVEND,11,0.89951475
OVERIG_GELIJKBLIJVEND,12,1.0
OVERIG_GELIJKBLIJVEND,13,1.111710508
OVERIG_GELIJKBLIJVEND,14,1.235900255
OVERIG_GELIJKBLIJVEND,15,1.3739633
OVERIG_GELIJKBLIJVEND,16,1.527449439
OVERIG_GELIJKBLIJVEND,17,1.698081593
OVERIG_GELIJKBLIJVEND,18,1.887775151
OVERIG_GELIJKBLIJVEND,19,2.098659472
OVERIG_GELIJKBLIJVEND,20,2.333101789
OVERIG_GELIJKBLIJVEND,21,2.88639551
OVERIG_GELIJKBLIJVEND,22,2.88639551
OVERIG_GELIJKBLIJVEND,23,2.88639551
OVERIG_GELIJKBLIJVEND,24,2.88639551
OVERIG_GELIJKBLIJVEND,25,2.88639551
OVERIG_GELIJKBLIJVEND,26,2.88639551
OVERIG_GELIJKBLIJVEND,27,2.88639551
OVERIG_GELIJKBLIJVEND,28,2.88639551
OVERIG_GELIJKBLIJVEND,29,2.88639551
OVERIG_GELIJKBLIJVEND,30,2.88639551
OVERIG_GELIJKBLIJVEND,31,2.88639551
OVERIG_GELIJKBLIJVEND,32,2.88639551
OVERIG_GELIJKBLIJVEND,33,2.88639551
OVERIG_GELIJKBLIJVEND,34,2.88639551
OVERIG_GELIJKBLIJVEND,35,2.88639551
OVERIG_GELIJKBLIJVEND,36,2.88639551
OVERIG_GELIJKBLIJVEND,37,2.88639551
OVERIG_GELIJKBLIJVEND,38,2.88639551
OVERIG_GELIJKBLIJVEND,39,2.88639551
OVERIG_GELIJKBLIJVEND,40,2.88639551
OVERIG_GELIJKBLIJVEND,41,2.88639551
OVERIG_STIJGEND,0,0.040719222
OVERIG_STIJGEND,1,0.38263101
OVERIG_STIJGEND,2,0.346803037
OVERIG_STIJGEND,3,0.38554458
OVERIG_STIJGEND,4,0.428613961
OVERIG_STIJGEND,5,0.476494645
OVERIG_STIJGEND,6,0.529724104
OVERIG_STIJGEND,7,0.588899853
OVERIG_STIJGEND,8,0.654686155
OVERIG_STIJGEND,9,0.727821478
OVERIG_STIJGEND,10,0.809126785
OVERIG_STIJGEND,11,0.89951475
OVERIG_STIJGEND,12,1.0
OVERIG_STIJGEND,13,1.111710508
OVERIG_STIJGEND,14,1.235900255
OVERIG_STIJGEND,15,1.3739633
OVERIG_STIJGEND,16,1.527449439
OVERIG_STIJGEND,17,1.698081593
OVERIG_STIJGEND,18,1.887775151
OVERIG_STIJGEND,19,2.098659472
OVERIG_STIJGEND,20,2.333101789
OVERIG_STIJGEND,21,2.88639551
OVERIG_STIJGEND,22,2.88639551
OVERIG_STIJGEND,23,2.88639551
OVERIG_STIJGEND,24,2.88639551
OVERIG_STIJGEND,25,2.88639551
OVERIG_STIJGEND,26,2.88639551
OVERIG_STIJGEND,27,2.88639551
OVERIG_STIJGEND,28,2.88639551
OVERIG_STIJGEND,29,2.88639551
OVERIG_STIJGEND,30,2.88639551
OVERIG_STIJGEND,31,2.88639551
OVERIG_STIJGEND,32,2.88639551
OVERIG_STIJGEND,33,2.88639551
OVERIG_STIJGEND,34,2.88639551
OVERIG_STIJGEND,35,2.88639551
OVERIG_STIJGEND,36,2.88639551
OVERIG_STIJGEND,37,2.88639551
OVERIG_STIJGEND,38,2.88639551
OVERIG_STIJGEND,39,2.88639551
OVERIG_STIJGEND,40,2.88639551
OVERIG_STIJGEND,41,2.88639551
PENCOM,0,0.040719222
PENCOM,1,0.38263101
PENCOM,2,0.346803037
PENCOM,3,0.38554458
PENCOM,4,0.428613961
PENCOM,5,0.476494645
PENCOM,6,0.529724104
PENCOM,7,0.588899853
PENCOM,8,0.654686155
PENCOM,9,0.727821478
PENCOM,10,0.809126785
PENCOM,11,0.89951475
PENCOM,12,1.0
PENCOM,13,1.111710508
PENCOM,14,1.235900255
PENCOM,15,1.3739633
PENCOM,16,1.527449439
PENCOM,17,1.698081593
PENCOM,18,1.887775151
PENCOM,19,2.098659472
PENCOM,20,2.333101789
PENCOM,21,2.88639551
PENCOM,22,2.88639551
PENCOM,23,2.88639551
PENCOM,24,2.88639551
PENCOM,25,2.88639551
PENCOM,26,2.88639551
PENCOM,27,2.88639551
PENCOM,28,2.88639551
PENCOM,29,2.88639551
PENCOM,30,2.88639551
PENCOM,31,2.88639551
PENCOM,32,2.88639551
PENCOM,33,2.88639551
PENCOM,34,2.88639551
PENCOM,35,2.88639551
PENCOM,36,2.88639551
PENCOM,37,2.88639551
PENCOM,38,2.88639551
PENCOM,39,2.88639551
PENCOM,40,2.88639551
PENCOM,41,2.88639551
PENSIOEN,0,0.040719222
PENSIOEN,1,0.38263101
PENSIOEN,2,0.346803037
PENSIOEN,3,0.38554458
PENSIOEN,4,0.428613961
PENSIOEN,5,0.476494645
PENSIOEN,6,0.529724104
PENSIOEN,7,0.588899853
PENSIOEN,8,0.654686155
PENSIOEN,9,0.727821478
PENSIOEN,10,0.809126785
PENSIOEN,11,0.89951475
PENSIOEN,12,1.0
PENSIOEN,13,1.111710508
PENSIOEN,14,1.235900255
PENSIOEN,15,1.3739633
PENSIOEN,16,1.527449439
PENSIOEN,17,1.698081593
PENSIOEN,18,1.887775151
PENSIOEN,19,2.098659472
PENSIOEN,20,2.333101789
PENSIOEN,21,2.88639551
PENSIOEN,22,2.88639551
PENSIOEN,23,2.88639551
PENSIOEN,24,2.88639551
PENSIOEN,25,2.88639551
PENSIOEN,26,2.88639551
PENSIOEN,27,2.88639551
PENSIOEN,28,2.88639551
PENSIOEN,29,2.88639551
PENSIOEN,30,2.88639551
PENSIOEN,31,2.88639551
PENSIOEN,32,2.88639551
PENSIOEN,33,2.88639551
PENSIOEN,34,2.88639551
PENSIOEN,35,2.88639551
PENSIOEN,36,2.88639551
PENSIOEN,37,2.88639551
PENSIOEN,38,2.88639551
PENSIOEN,39,2.88639551
PENSIOEN,40,2.88639551
PENSIOEN,41,2.88639551
PENSIOENPLUS,0,0.040719222
PENSIOENPLUS,1,0.38263101
PENSIOENPLUS,2,0.346803037
PENSIOENPLUS,3,0.38554458
PENSIOENPLUS,4,0.428613961
PENSIOENPLUS,5,0.476494645
PENSIOENPLUS,6,0.529724104
PENSIOENPLUS,7,0.588899853
PENSIOENPLUS,8,0.654686155
PENSIOENPLUS,9,0.727821478
PENSIOENPLUS,10,0.809126785
PENSIOENPLUS,11,0.89951475
PENSIOENPLUS,12,1.0
PENSIOENPLUS,13,1.111710508
PENSIOENPLUS,14,1.235900255
PENSIOENPLUS,15,1.3739633
PENSIOENPLUS,16,1.527449439
PENSIOENPLUS,17,1.698081593
PENSIOENPLUS,18,1.887775151
PENSIOENPLUS,19,2.098659472
PENSIOENPLUS,20,2.333101789
PENSIOENPLUS,21,2.88639551
PENSIOENPLUS,22,2.88639551
PENSIOENPLUS,23,2.88639551
PENSIOENPLUS,24,2.88639551
PENSIOENPLUS,25,2.88639551
PENSIOENPLUS,26,2.88639551
PENSIOENPLUS,27,2.88639551
PENSIOENPLUS,28,2.88639551
PENSIOENPLUS,29,2.88639551
PENSIOENPLUS,30,2.88639551
PENSIOENPLUS,31,2.88639551
PENSIOENPLUS,32,2.88639551
PENSIOENPLUS,33,2.88639551
PENSIOENPLUS,34,2.88639551
PENSIOENPLUS,35,2.88639551
PENSIOENPLUS,36,2.88639551
PENSIOENPLUS,37,2.88639551
PENSIOENPLUS,38,2.88639551
PENSIOENPLUS,39,2.88639551
PENSIOENPLUS,40,2.88639551
PENSIOENPLUS,41,2.88639551
RISICO,0,0.0
RISICO,1,0.0
RISICO,2,0.0
RISICO,3,0.0
RISICO,4,0.0
RISICO,5,0.0
RISICO,6,0.0
RISICO,7,0.0
RISICO,8,0.0
RISICO,9,0.0
RISICO,10,0.0
RISICO,11,0.0
RISICO,12,0.0
RISICO,13,0.0
RISICO,14,0.0
RISICO,15,0.0
RISICO,16,0.0
RISICO,17,0.0
RISICO,18,0.0
RISICO,19,0.0
RISICO,20,0.0
RISICO,21,0.0
RISICO,22,0.0
RISICO,23,0.0
RISICO,24,0.0
RISICO,25,0.0
RISICO,26,0.0
RISICO,27,0.0
RISICO,28,0.0
RISICO,29,0.0
RISICO,30,0.0
RISICO,31,0.0
RISICO,32,0.0
RISICO,33,0.0
RISICO,34,0.0
RISICO,35,0.0
RISICO,36,0.0
RISICO,37,0.0
RISICO,38,0.0
RISICO,39,0.0
RISICO,40,0.0
RISICO,41,0.0
SALDO,0,0.040719222
SALDO,1,0.38263101
SALDO,2,0.346803037
SALDO,3,0.38554458
SALDO,4,0.428613961
SALDO,5,0.476494645
SALDO,6,0.529724104
SALDO,7,0.588899853
SALDO,8,0.654686155
SALDO,9,0.727821478
SALDO,10,0.809126785
SALDO,11,0.89951475
SALDO,12,1.0
SALDO,13,1.111710508
SALDO,14,1.235900255
SALDO,15,1.3739633
SALDO,16,1.527449439
SALDO,17,1.698081593
SALDO,18,1.887775151
SALDO,19,2.098659472
SALDO,20,2.333101789
SALDO,21,2.88639551
SALDO,22,2.88639551
SALDO,23,2.88639551
SALDO,24,2.88639551
SALDO,25,2.88639551
SALDO,26,2.88639551
SALDO,27,2.88639551
SALDO,28,2.88639551
SALDO,29,2.88639551
SALDO,30,2.88639551
SALDO,31,2.88639551
SALDO,32,2.88639551
SALDO,33,2.88639551
SALDO,34,2.88639551
SALDO,35,2.88639551
SALDO,36,2.88639551
SALDO,37,2.88639551
SALDO,38,2.88639551
SALDO,39,2.88639551
SALDO,40,2.88639551
SALDO,41,2.88639551
SCHAKELSPAAR,0,0.040719222
SCHAKELSPAAR,1,0.38263101
SCHAKELSPAAR,2,0.346803037
SCHAKELSPAAR,3,0.38554458
SCHAKELSPAAR,4,0.428613961
SCHAKELSPAAR,5,0.476494645
SCHAKELSPAAR,6,0.529724104
SCHAKELSPAAR,7,0.588899853
SCHAKELSPAAR,8,0.654686155
SCHAKELSPAAR,9,0.727821478
SCHAKELSPAAR,10,0.809126785
SCHAKELSPAAR,11,0.89951475
SCHAKELSPAAR,12,1.0
SCHAKELSPAAR,13,1.111710508
SCHAKELSPAAR,14,1.235900255
SCHAKELSPAAR,15,1.3739633
SCHAKELSPAAR,16,1.527449439
SCHAKELSPAAR,17,1.698081593
SCHAKELSPAAR,18,1.887775151
SCHAKELSPAAR,19,2.098659472
SCHAKELSPAAR,20,2.333101789
SCHAKELSPAAR,21,2.88639551
SCHAKELSPAAR,22,2.88639551
SCHAKELSPAAR,23,2.88639551
SCHAKELSPAAR,24,2.88639551
SCHAKELSPAAR,25,2.88639551
SCHAKELSPAAR,26,2.88639551
SCHAKELSPAAR,27,2.88639551
SCHAKELSPAAR,28,2.88639551
SCHAKELSPAAR,29,2.88639551
SCHAKELSPAAR,30,2.88639551
SCHAKELSPAAR,31,2.88639551
SCHAKELSPAAR,32,2.88639551
SCHAKELSPAAR,33,2.88639551
SCHAKELSPAAR,34,2.88639551
SCHAKELSPAAR,35,2.88639551
SCHAKELSPAAR,36,2.88639551
SCHAKELSPAAR,37,2.88639551
SCHAKELSPAAR,38,2.88639551
SCHAKELSPAAR,39,2.88639551
SCHAKELSPAAR,40,2.88639551
SCHAKELSPAAR,41,2.88639551
SH_1,0,1.0
SH_1,1,1.0
SH_1,2,1.0
SH_1,3,1.0
SH_1,4,1.0
SH_1,5,0.892648692
SH_1,6,0.952580186
SH_1,7,1.016535418
SH_1,8,1.084784536
SH_1,9,1.157615829
SH_1,10,1.235336938
SH_1,11,1.318276161
SH_1,12,1.406783836
SH_1,13,1.501233823
SH_1,14,1.602025083
SH_1,15,1.709583362
SH_1,16,1.824362991
SH_1,17,1.946848804
SH_1,18,2.077558185
SH_1,19,2.217043256
SH_1,20,2.365893208
SH_1,21,2.52473679
SH_1,22,2.694244963
SH_1,23,2.875133736
SH_1,24,3.068167191
SH_1,25,3.274160709
SH_1,26,3.493984415
SH_1,27,3.728566854
SH_1,28,3.978898911
SH_1,29,4.246037999
SH_1,30,4.531112525
SH_1,31,4.531112525
SH_1,32,4.531112525
SH_1,33,4.531112525
SH_1,34,4.531112525
SH_1,35,4.531112525
SH_1,36,4.531112525
SH_1,37,4.531112525
SH_1,38,4.531112525
SH_1,39,4.531112525
SH_1,40,4.531112525
SH_1,41,4.531112525
SH_2,0,0.040719222
SH_2,1,0.38263101
SH_2,2,0.346803037
SH_2,3,0.38554458
SH_2,4,0.428613961
SH_2,5,0.476494645
SH_2,6,0.529724104
SH_2,7,0.588899853
SH_2,8,0.654686155
SH_2,9,0.727821478
SH_2,10,0.809126785
SH_2,11,0.89951475
SH_2,12,1.0
SH_2,13,1.111710508
SH_2,14,1.235900255
SH_2,15,1.3739633
SH_2,16,1.527449439
SH_2,17,1.698081593
SH_2,18,1.887775151
SH_2,19,2.098659472
SH_2,20,2.333101789
SH_2,21,2.88639551
SH_2,22,2.88639551
SH_2,23,2.88639551
SH_2,24,2.88639551
SH_2,25,2.88639551
SH_2,26,2.88639551
SH_2,27,2.88639551
SH_2,28,2.88639551
SH_2,29,2.88639551
SH_2,30,2.88639551
SH_2,31,2.88639551
SH_2,32,2.88639551
SH_2,33,2.88639551
SH_2,34,2.88639551
SH_2,35,2.88639551
SH_2,36,2.88639551
SH_2,37,2.88639551
SH_2,38,2.88639551
SH_2,39,2.88639551
SH_2,40,2.88639551
SH_2,41,2.88639551
SH_3,0,0.0
SH_3,1,0.0
SH_3,2,0.0
SH_3,3,0.0
SH_3,4,0.0
SH_3,5,0.0
SH_3,6,0.0
SH_3,7,0.0
SH_3,8,0.0
SH_3,9,0.0
SH_3,10,0.0
SH_3,11,0.0
SH_3,12,0.0
SH_3,13,0.0
SH_3,14,0.0
SH_3,15,0.0
SH_3,16,0.0
SH_3,17,0.0
SH_3,18,0.0
SH_3,19,0.0
SH_3,20,0.0
SH_3,21,0.0
SH_3,22,0.0
SH_3,23,0.0
SH_3,24,0.0
SH_3,25,0.0
SH_3,26,0.0
SH_3,27,0.0
SH_3,28,0.0
SH_3,29,0.0
SH_3,30,0.0
SH_3,31,0.0
SH_3,32,0.0
SH_3,33,0.0
SH_3,34,0.0
SH_3,35,0.0
SH_3,36,0.0
SH_3,37,0.0
SH_3,38,0.0
SH_3,39,0.0
SH_3,40,0.0
SH_3,41,0.0
SH_4,0,0.0
SH_4,1,0.0
SH_4,2,0.0
SH_4,3,0.0
SH_4,4,0.0
SH_4,5,0.0
SH_4,6,0.0
SH_4,7,0.0
SH_4,8,0.0
SH_4,9,0.0
SH_4,10,0.0
SH_4,11,0.0
SH_4,12,0.0
SH_4,13,0.0
SH_4,14,0.0
SH_4,15,0.0
SH_4,16,0.0
SH_4,17,0.0
SH_4,18,0.0
SH_4,19,0.0
SH_4,20,0.0
SH_4,21,0.0
SH_4,22,0.0
SH_4,23,0.0
SH_4,24,0.0
SH_4,25,0.0
SH_4,26,0.0
SH_4,27,0.0
SH_4,28,0.0
SH_4,29,0.0
SH_4,30,0.0
SH_4,31,0.0
SH_4,32,0.0
SH_4,33,0.0
SH_4,34,0.0
SH_4,35,0.0
SH_4,36,0.0
SH_4,37,0.0
SH_4,38,0.0
SH_4,39,0.0
SH_4,40,0.0
SH_4,41,0.0
SH_5,0,0.040719222
SH_5,1,0.38263101
SH_5,2,0.346803037
SH_5,3,0.38554458
SH_5,4,0.428613961
SH_5,5,0.476494645
SH_5,6,0.529724104
SH_5,7,0.588899853
SH_5,8,0.654686155
SH_5,9,0.727821478
SH_5,10,0.809126785
SH_5,11,0.89951475
SH_5,12,1.0
SH_5,13,1.111710508
SH_5,14,1.235900255
SH_5,15,1.3739633
SH_5,16,1.527449439
SH_5,17,1.698081593
SH_5,18,1.887775151
SH_5,19,2.098659472
SH_5,20,2.333101789
SH_5,21,2.88639551
SH_5,22,2.88639551
SH_5,23,2.88639551
SH_5,24,2.88639551
SH_5,25,2.88639551
SH_5,26,2.88639551
SH_5,27,2.88639551
SH_5,28,2.88639551
SH_5,29,2.88639551
SH_5,30,2.88639551
SH_5,31,2.88639551
SH_5,32,2.88639551
SH_5,33,2.88639551
SH_5,34,2.88639551
SH_5,35,2.88639551
SH_5,36,2.88639551
SH_5,37,2.88639551
SH_5,38,2.88639551
SH_5,39,2.88639551
SH_5,40,2.88639551
SH_5,41,2.88639551
SH_6,0,1.0
SH_6,1,1.0
SH_6,2,0.715275691
SH_6,3,0.566843645
SH_6,4,0.44921381
SH_6,5,0.355994195
SH_6,6,0.282119258
SH_6,7,0.223574645
SH_6,8,0.136180512
SH_6,9,0.136147407
SH_6,10,0.136114309
SH_6,11,0.13608122
SH_6,12,0.136048138
SH_6,13,0.136015065
SH_6,14,0.135981999
SH_6,15,0.135948942
SH_6,16,0.135915893
SH_6,17,0.135882851
SH_6,18,0.135849818
SH_6,19,0.135816793
SH_6,20,0.135783776
SH_6,21,0.135750767
SH_6,22,0.135717766
SH_6,23,0.135684772
SH_6,24,0.135651787
SH_6,25,0.13561881
SH_6,26,0.135585841
SH_6,27,0.13555288
SH_6,28,0.135519927
SH_6,29,0.135486982
SH_6,30,0.262620667
SH_6,31,0.262620667
SH_6,32,0.262620667
SH_6,33,0.262620667
SH_6,34,0.262620667
SH_6,35,0.262620667
SH_6,36,0.262620667
SH_6,37,0.262620667
SH_6,38,0.262620667
SH_6,39,0.262620667
SH_6,40,0.262620667
SH_6,41,0.262620667
SH_7,0,0.0050409
SH_7,1,0.021942978
SH_7,2,0.044695449
SH_7,3,0.038247452
SH_7,4,0.032729676
SH_7,5,0.028007923
SH_7,6,0.023967355
SH_7,7,0.026637486
SH_7,8,0.028059808
SH_7,9,0.029558076
SH_7,10,0.031136345
SH_7,11,0.032798887
SH_7,12,0.0345502
SH_7,13,0.036395026
SH_7,14,0.038338358
SH_7,15,0.040385455
SH_7,16,0.042541857
SH_7,17,0.044813402
SH_7,18,0.047206237
SH_7,19,0.049726839
SH_7,20,0.052382029
SH_7,21,0.055178995
SH_7,22,0.058125306
SH_7,23,0.061228937
SH_7,24,0.064498289
SH_7,25,0.067942208
SH_7,26,0.071570018
SH_7,27,0.075391537
SH_7,28,0.079417107
SH_7,29,0.083657625
SH_7,30,0.088124568
SH_7,31,0.092830025
SH_7,32,0.097786733
SH_7,33,0.103008107
SH_7,34,0.108508279
SH_7,35,0.114302135
SH_7,36,0.120405357
SH_7,37,0.126834464
SH_7,38,0.133606857
SH_7,39,0.140740865
SH_7,40,0.148255797
SH_7,41,0.226762962
SH_8,0,0.040719222
SH_8,1,0.38263101
SH_8,2,0.346803037
SH_8,3,0.38554458
SH_8,4,0.428613961
SH_8,5,0.476494645
SH_8,6,0.529724104
SH_8,7,0.588899853
SH_8,8,0.654686155
SH_8,9,0.727821478
SH_8,10,0.809126785
SH_8,11,0.89951475
SH_8,12,1.0
SH_8,13,1.111710508
SH_8,14,1.235900255
SH_8,15,1.3739633
SH_8,16,1.527449439
SH_8,17,1.698081593
SH_8,18,1.887775151
SH_8,19,2.098659472
SH_8,20,2.333101789
SH_8,21,2.88639551
SH_8,22,2.88639551
SH_8,23,2.88639551
SH_8,24,2.88639551
SH_8,25,2.88639551
SH_8,26,2.88639551
SH_8,27,2.88639551
SH_8,28,2.88639551
SH_8,29,2.88639551
SH_8,30,2.88639551
SH_8,31,2.88639551
SH_8,32,2.88639551
SH_8,33,2.88639551
SH_8,34,2.88639551
SH_8,35,2.88639551
SH_8,36,2.88639551
SH_8,37,2.88639551
SH_8,38,2.88639551
SH_8,39,2.88639551
SH_8,40,2.88639551
SH_8,41,2.88639551
SOLI,0,0.040719222
SOLI,1,0.38263101
SOLI,2,0.346803037
SOLI,3,0.38554458
SOLI,4,0.428613961
SOLI,5,0.476494645
SOLI,6,0.529724104
SOLI,7,0.588899853
SOLI,8,0.654686155
SOLI,9,0.727821478
SOLI,10,0.809126785
SOLI,11,0.89951475
SOLI,12,1.0
SOLI,13,1.111710508
SOLI,14,1.235900255
SOLI,15,1.3739633
SOLI,16,1.527449439
SOLI,17,1.698081593
SOLI,18,1.887775151
SOLI,19,2.098659472
SOLI,20,2.333101789
SOLI,21,2.88639551
SOLI,22,2.88639551
SOLI,23,2.88639551
SOLI,24,2.88639551
SOLI,25,2.88639551
SOLI,26,2.88639551
SOLI,27,2.88639551
SOLI,28,2.88639551
SOLI,29,2.88639551
SOLI,30,2.88639551
SOLI,31,2.88639551
SOLI,32,2.88639551
SOLI,33,2.88639551
SOLI,34,2.88639551
SOLI,35,2.88639551
SOLI,36,2.88639551
SOLI,37,2.88639551
SOLI,38,2.88639551
SOLI,39,2.88639551
SOLI,40,2.88639551
SOLI,41,2.88639551
SPAARPLUS,0,0.040719222
SPAARPLUS,1,0.38263101
SPAARPLUS,2,0.346803037
SPAARPLUS,3,0.38554458
SPAARPLUS,4,0.428613961
SPAARPLUS,5,0.476494645
SPAARPLUS,6,0.529724104
SPAARPLUS,7,0.588899853
SPAARPLUS,8,0.654686155
SPAARPLUS,9,0.727821478
SPAARPLUS,10,0.809126785
SPAARPLUS,11,0.89951475
SPAARPLUS,12,1.0
SPAARPLUS,13,1.111710508
SPAARPLUS,14,1.235900255
SPAARPLUS,15,1.3739633
SPAARPLUS,16,1.527449439
SPAARPLUS,17,1.698081593
SPAARPLUS,18,1.887775151
SPAARPLUS,19,2.098659472
SPAARPLUS,20,2.333101789
SPAARPLUS,21,2.88639551
SPAARPLUS,22,2.88639551
SPAARPLUS,23,2.88639551
SPAARPLUS,24,2.88639551
SPAARPLUS,25,2.88639551
SPAARPLUS,26,2.88639551
SPAARPLUS,27,2.88639551
SPAARPLUS,28,2.88639551
SPAARPLUS,29,2.88639551
SPAARPLUS,30,2.88639551
SPAARPLUS,31,2.88639551
SPAARPLUS,32,2.88639551
SPAARPLUS,33,2.88639551
SPAARPLUS,34,2.88639551
SPAARPLUS,35,2.88639551
SPAARPLUS,36,2.88639551
SPAARPLUS,37,2.88639551
SPAARPLUS,38,2.88639551
SPAARPLUS,39,2.88639551
SPAARPLUS,40,2.88639551
SPAARPLUS,41,2.88639551
STUDIEPLUS,0,0.040719222
STUDIEPLUS,1,0.38263101
STUDIEPLUS,2,0.346803037
STUDIEPLUS,3,0.38554458
STUDIEPLUS,4,0.428613961
STUDIEPLUS,5,0.476494645
STUDIEPLUS,6,0.529724104
STUDIEPLUS,7,0.588899853
STUDIEPLUS,8,0.654686155
STUDIEPLUS,9,0.727821478
STUDIEPLUS,10,0.809126785
STUDIEPLUS,11,0.89951475
STUDIEPLUS,12,1.0
STUDIEPLUS,13,1.111710508
STUDIEPLUS,14,1.235900255
STUDIEPLUS,15,1.3739633
STUDIEPLUS,16,1.527449439
STUDIEPLUS,17,1.698081593
STUDIEPLUS,18,1.887775151
STUDIEPLUS,19,2.098659472
STUDIEPLUS,20,2.333101789
STUDIEPLUS,21,2.88639551
STUDIEPLUS,22,2.88639551
STUDIEPLUS,23,2.88639551
STUDIEPLUS,24,2.88639551
STUDIEPLUS,25,2.88639551
STUDIEPLUS,26,2.88639551
STUDIEPLUS,27,2.88639551
STUDIEPLUS,28,2.88639551
STUDIEPLUS,29,2.88639551
STUDIEPLUS,30,2.88639551
STUDIEPLUS,31,2.88639551
STUDIEPLUS,32,2.88639551
STUDIEPLUS,33,2.88639551
STUDIEPLUS,34,2.88639551
STUDIEPLUS,35,2.88639551
STUDIEPLUS,36,2.88639551
STUDIEPLUS,37,2.88639551
STUDIEPLUS,38,2.88639551
STUDIEPLUS,39,2.88639551
STUDIEPLUS,40,2.88639551
STUDIEPLUS,41,2.88639551
TOEKOMSTPLAN,0,0.040719222
TOEKOMSTPLAN,1,0.38263101
TOEKOMSTPLAN,2,0.346803037
TOEKOMSTPLAN,3,0.38554458
TOEKOMSTPLAN,4,0.428613961
TOEKOMSTPLAN,5,0.476494645
TOEKOMSTPLAN,6,0.529724104
TOEKOMSTPLAN,7,0.588899853
TOEKOMSTPLAN,8,0.654686155
TOEKOMSTPLAN,9,0.727821478
TOEKOMSTPLAN,10,0.809126785
TOEKOMSTPLAN,11,0.89951475
TOEKOMSTPLAN,12,1.0
TOEKOMSTPLAN,13,1.111710508
TOEKOMSTPLAN,14,1.235900255
TOEKOMSTPLAN,15,1.3739633
TOEKOMSTPLAN,16,1.527449439
TOEKOMSTPLAN,17,1.698081593
TOEKOMSTPLAN,18,1.887775151
TOEKOMSTPLAN,19,2.098659472
TOEKOMSTPLAN,20,2.333101789
TOEKOMSTPLAN,21,2.88639551
TOEKOMSTPLAN,22,2.88639551
TOEKOMSTPLAN,23,2.88639551
TOEKOMSTPLAN,24,2.88639551
TOEKOMSTPLAN,25,2.88639551
TOEKOMSTPLAN,26,2.88639551
TOEKOMSTPLAN,27,2.88639551
TOEKOMSTPLAN,28,2.88639551
TOEKOMSTPLAN,29,2.88639551
TOEKOMSTPLAN,30,2.88639551
TOEKOMSTPLAN,31,2.88639551
TOEKOMSTPLAN,32,2.88639551
TOEKOMSTPLAN,33,2.88639551
TOEKOMSTPLAN,34,2.88639551
TOEKOMSTPLAN,35,2.88639551
TOEKOMSTPLAN,36,2.88639551
TOEKOMSTPLAN,37,2.88639551
TOEKOMSTPLAN,38,2.88639551
TOEKOMSTPLAN,39,2.88639551
TOEKOMSTPLAN,40,2.88639551
TOEKOMSTPLAN,41,2.88639551
USH,0,1.0
USH,1,1.0
USH,2,1.0
USH,3,1.0
USH,4,1.0
USH,5,0.892648692
USH,6,0.952580186
USH,7,1.016535418
USH,8,1.084784536
USH,9,1.157615829
USH,10,1.235336938
USH,11,1.318276161
USH,12,1.406783836
USH,13,1.501233823
USH,14,1.602025083
USH,15,1.709583362
USH,16,1.824362991
USH,17,1.946848804
USH,18,2.077558185
USH,19,2.217043256
USH,20,2.365893208
USH,21,2.52473679
USH,22,2.694244963
USH,23,2.875133736
USH,24,3.068167191
USH,25,3.274160709
USH,26,3.493984415
USH,27,3.728566854
USH,28,3.978898911
USH,29,4.246037999
USH,30,4.531112525
USH,31,4.531112525
USH,32,4.531112525
USH,33,4.531112525
USH,34,4.531112525
USH,35,4.531112525
USH,36,4.531112525
USH,37,4.531112525
USH,38,4.531112525
USH,39,4.531112525
USH,40,4.531112525
USH,41,4.531112525
V&B,0,0.040719222
V&B,1,0.38263101
V&B,2,0.346803037
V&B,3,0.38554458
V&B,4,0.428613961
V&B,5,0.476494645
V&B,6,0.529724104
V&B,7,0.588899853
V&B,8,0.654686155
V&B,9,0.727821478
V&B,10,0.809126785
V&B,11,0.89951475
V&B,12,1.0
V&B,13,1.111710508
V&B,14,1.235900255
V&B,15,1.3739633
V&B,16,1.527449439
V&B,17,1.698081593
V&B,18,1.887775151
V&B,19,2.098659472
V&B,20,2.333101789
V&B,21,2.88639551
V&B,22,2.88639551
V&B,23,2.88639551
V&B,24,2.88639551
V&B,25,2.88639551
V&B,26,2.88639551
V&B,27,2.88639551
V&B,28,2.88639551
V&B,29,2.88639551
V&B,30,2.88639551
V&B,31,2.88639551
V&B,32,2.88639551
V&B,33,2.88639551
V&B,34,2.88639551
V&B,35,2.88639551
V&B,36,2.88639551
V&B,37,2.88639551
V&B,38,2.88639551
V&B,39,2.88639551
V&B,40,2.88639551
V&B,41,2.88639551
VERMOGENSPLAN,0,0.040719222
VERMOGENSPLAN,1,0.38263101
VERMOGENSPLAN,2,0.346803037
VERMOGENSPLAN,3,0.38554458
VERMOGENSPLAN,4,0.428613961
VERMOGENSPLAN,5,0.476494645
VERMOGENSPLAN,6,0.529724104
VERMOGENSPLAN,7,0.588899853
VERMOGENSPLAN,8,0.654686155
VERMOGENSPLAN,9,0.727821478
VERMOGENSPLAN,10,0.809126785
VERMOGENSPLAN,11,0.89951475
VERMOGENSPLAN,12,1.0
VERMOGENSPLAN,13,1.111710508
VERMOGENSPLAN,14,1.235900255
VERMOGENSPLAN,15,1.3739633
VERMOGENSPLAN,16,1.527449439
VERMOGENSPLAN,17,1.698081593
VERMOGENSPLAN,18,1.887775151
VERMOGENSPLAN,19,2.098659472
VERMOGENSPLAN,20,2.333101789
VERMOGENSPLAN,21,2.88639551
VERMOGENSPLAN,22,2.88639551
VERMOGENSPLAN,23,2.88639551
VERMOGENSPLAN,24,2.88639551
VERMOGENSPLAN,25,2.88639551
VERMOGENSPLAN,26,2.88639551
VERMOGENSPLAN,27,2.88639551
VERMOGENSPLAN,28,2.88639551
VERMOGENSPLAN,29,2.88639551
VERMOGENSPLAN,30,2.88639551
VERMOGENSPLAN,31,2.88639551
VERMOGENSPLAN,32,2.88639551
VERMOGENSPLAN,33,2.88639551
VERMOGENSPLAN,34,2.88639551
VERMOGENSPLAN,35,2.88639551
VERMOGENSPLAN,36,2.88639551
VERMOGENSPLAN,37,2.88639551
VERMOGENSPLAN,38,2.88639551
VERMOGENSPLAN,39,2.88639551
VERMOGENSPLAN,40,2.88639551
VERMOGENSPLAN,41,2.88639551
Z_W_1,0,1.0
Z_W_1,1,1.0
Z_W_1,2,1.0
Z_W_1,3,1.0
Z_W_1,4,1.0
Z_W_1,5,0.892648692
Z_W_1,6,0.952580186
Z_W_1,7,1.016535418
Z_W_1,8,1.084784536
Z_W_1,9,1.157615829
Z_W_1,10,1.235336938
Z_W_1,11,1.318276161
Z_W_1,12,1.406783836
Z_W_1,13,1.501233823
Z_W_1,14,1.602025083
Z_W_1,15,1.709583362
Z_W_1,16,1.824362991
Z_W_1,17,1.946848804
Z_W_1,18,2.077558185
Z_W_1,19,2.217043256
Z_W_1,20,2.365893208
Z_W_1,21,2.52473679
Z_W_1,22,2.694244963
Z_W_1,23,2.875133736
Z_W_1,24,3.068167191
Z_W_1,25,3.274160709
Z_W_1,26,3.493984415
Z_W_1,27,3.728566854
Z_W_1,28,3.978898911
Z_W_1,29,4.246037999
Z_W_1,30,4.531112525
Z_W_1,31,4.531112525
Z_W_1,32,4.531112525
Z_W_1,33,4.531112525
Z_W_1,34,4.531112525
Z_W_1,35,4.531112525
Z_W_1,36,4.531112525
Z_W_1,37,4.531112525
Z_W_1,38,4.531112525
Z_W_1,39,4.531112525
Z_W_1,40,4.531112525
Z_W_1,41,4.531112525
Z_W_2,0,0.040719222
Z_W_2,1,0.38263101
Z_W_2,2,0.346803037
Z_W_2,3,0.38554458
Z_W_2,4,0.428613961
Z_W_2,5,0.476494645
Z_W_2,6,0.529724104
Z_W_2,7,0.588899853
Z_W_2,8,0.654686155
Z_W_2,9,0.727821478
Z_W_2,10,0.809126785
Z_W_2,11,0.89951475
Z_W_2,12,1.0
Z_W_2,13,1.111710508
Z_W_2,14,1.235900255
Z_W_2,15,1.3739633
Z_W_2,16,1.527449439
Z_W_2,17,1.698081593
Z_W_2,18,1.887775151
Z_W_2,19,2.098659472
Z_W_2,20,2.333101789
Z_W_2,21,2.88639551
Z_W_2,22,2.88639551
Z_W_2,23,2.88639551
Z_W_2,24,2.88639551
Z_W_2,25,2.88639551
Z_W_2,26,2.88639551
Z_W_2,27,2.88639551
Z_W_2,28,2.88639551
Z_W_2,29,2.88639551
Z_W_2,30,2.88639551
Z_W_2,31,2.88639551
Z_W_2,32,2.88639551
Z_W_2,33,2.88639551
Z_W_2,34,2.88639551
Z_W_2,35,2.88639551
Z_W_2,36,2.88639551
Z_W_2,37,2.88639551
Z_W_2,38,2.88639551
Z_W_2,39,2.88639551
Z_W_2,40,2.88639551
Z_W_2,41,2.88639551
Z_W_3,0,0.0
Z_W_3,1,0.0
Z_W_3,2,0.0
Z_W_3,3,0.0
Z_W_3,4,0.0
Z_W_3,5,0.0
Z_W_3,6,0.0
Z_W_3,7,0.0
Z_W_3,8,0.0
Z_W_3,9,0.0
Z_W_3,10,0.0
Z_W_3,11,0.0
Z_W_3,12,0.0
Z_W_3,13,0.0
Z_W_3,14,0.0
Z_W_3,15,0.0
Z_W_3,16,0.0
Z_W_3,17,0.0
Z_W_3,18,0.0
Z_W_3,19,0.0
Z_W_3,20,0.0
Z_W_3,21,0.0
Z_W_3,22,0.0
Z_W_3,23,0.0
Z_W_3,24,0.0
Z_W_3,25,0.0
Z_W_3,26,0.0
Z_W_3,27,0.0
Z_W_3,28,0.0
Z_W_3,29,0.0
Z_W_3,30,0.0
Z_W_3,31,0.0
Z_W_3,32,0.0
Z_W_3,33,0.0
Z_W_3,34,0.0
Z_W_3,35,0.0
Z_W_3,36,0.0
Z_W_3,37,0.0
Z_W_3,38,0.0
Z_W_3,39,0.0
Z_W_3,40,0.0
Z_W_3,41,0.0
Z_W_4,0,0.0
Z_W_4,1,0.0
Z_W_4,2,0.0
Z_W_4,3,0.0
Z_W_4,4,0.0
Z_W_4,5,0.0
Z_W_4,6,0.0
Z_W_4,7,0.0
Z_W_4,8,0.0
Z_W_4,9,0.0
Z_W_4,10,0.0
Z_W_4,11,0.0
Z_W_4,12,0.0
Z_W_4,13,0.0
Z_W_4,14,0.0
Z_W_4,15,0.0
Z_W_4,16,0.0
Z_W_4,17,0.0
Z_W_4,18,0.0
Z_W_4,19,0.0
Z_W_4,20,0.0
Z_W_4,21,0.0
Z_W_4,22,0.0
Z_W_4,23,0.0
Z_W_4,24,0.0
Z_W_4,25,0.0
Z_W_4,26,0.0
Z_W_4,27,0.0
Z_W_4,28,0.0
Z_W_4,29,0.0
Z_W_4,30,0.0
Z_W_4,31,0.0
Z_W_4,32,0.0
Z_W_4,33,0.0
Z_W_4,34,0.0
Z_W_4,35,0.0
Z_W_4,36,0.0
Z_W_4,37,0.0
Z_W_4,38,0.0
Z_W_4,39,0.0
Z_W_4,40,0.0
Z_W_4,41,0.0
Z_W_5,0,0.040719222
Z_W_5,1,0.38263101
Z_W_5,2,0.346803037
Z_W_5,3,0.38554458
Z_W_5,4,0.428613961
Z_W_5,5,0.476494645
Z_W_5,6,0.529724104
Z_W_5,7,0.588899853
Z_W_5,8,0.654686155
Z_W_5,9,0.727821478
Z_W_5,10,0.809126785
Z_W_5,11,0.89951475
Z_W_5,12,1.0
Z_W_5,13,1.111710508
Z_W_5,14,1.235900255
Z_W_5,15,1.3739633
Z_W_5,16,1.527449439
Z_W_5,17,1.698081593
Z_W_5,18,1.887775151
Z_W_5,19,2.098659472
Z_W_5,20,2.333101789
Z_W_5,21,2.88639551
Z_W_5,22,2.88639551
Z_W_5,23,2.88639551
Z_W_5,24,2.88639551
Z_W_5,25,2.88639551
Z_W_5,26,2.88639551
Z_W_5,27,2.88639551
Z_W_5,28,2.88639551
Z_W_5,29,2.88639551
Z_W_5,30,2.88639551
Z_W_5,31,2.88639551
Z_W_5,32,2.88639551
Z_W_5,33,2.88639551
Z_W_5,34,2.88639551
Z_W_5,35,2.88639551
Z_W_5,36,2.88639551
Z_W_5,37,2.88639551
Z_W_5,38,2.88639551
Z_W_5,39,2.88639551
Z_W_5,40,2.88639551
Z_W_5,41,2.88639551
Z_W_6,0,1.0
Z_W_6,1,1.0
Z_W_6,2,0.715275691
Z_W_6,3,0.566843645
Z_W_6,4,0.44921381
Z_W_6,5,0.355994195
Z_W_6,6,0.282119258
Z_W_6,7,0.223574645
Z_W_6,8,0.136180512
Z_W_6,9,0.136147407
Z_W_6,10,0.136114309
Z_W_6,11,0.13608122
Z_W_6,12,0.136048138
Z_W_6,13,0.136015065
Z_W_6,14,0.135981999
Z_W_6,15,0.135948942
Z_W_6,16,0.135915893
Z_W_6,17,0.135882851
Z_W_6,18,0.135849818
Z_W_6,19,0.135816793
Z_W_6,20,0.135783776
Z_W_6,21,0.135750767
Z_W_6,22,0.135717766
Z_W_6,23,0.135684772
Z_W_6,24,0.135651787
Z_W_6,25,0.13561881
Z_W_6,26,0.135585841
Z_W_6,27,0.13555288
Z_W_6,28,0.135519927
Z_W_6,29,0.135486982
Z_W_6,30,0.262620667
Z_W_6,31,0.262620667
Z_W_6,32,0.262620667
Z_W_6,33,0.262620667
Z_W_6,34,0.262620667
Z_W_6,35,0.262620667
Z_W_6,36,0.262620667
Z_W_6,37,0.262620667
Z_W_6,38,0.262620667
Z_W_6,39,0.262620667
Z_W_6,40,0.262620667
Z_W_6,41,0.262620667
Z_W_7,0,0.0050409
Z_W_7,1,0.021942978
Z_W_7,2,0.044695449
Z_W_7,3,0.038247452
Z_W_7,4,0.032729676
Z_W_7,5,0.028007923
Z_W_7,6,0.023967355
Z_W_7,7,0.026637486
Z_W_7,8,0.028059808
Z_W_7,9,0.029558076
Z_W_7,10,0.031136345
Z_W_7,11,0.032798887
Z_W_7,12,0.0345502
Z_W_7,13,0.036395026
Z_W_7,14,0.038338358
Z_W_7,15,0.040385455
Z_W_7,16,0.042541857
Z_W_7,17,0.044813402
Z_W_7,18,0.047206237
Z_W_7,19,0.049726839
Z_W_7,20,0.052382029
Z_W_7,21,0.055178995
Z_W_7,22,0.058125306
Z_W_7,23,0.061228937
Z_W_7,24,0.064498289
Z_W_7,25,0.067942208
Z_W_7,26,0.071570018
Z_W_7,27,0.075391537
Z_W_7,28,0.079417107
Z_W_7,29,0.083657625
Z_W_7,30,0.088124568
Z_W_7,31,0.092830025
Z_W_7,32,0.097786733
Z_W_7,33,0.103008107
Z_W_7,34,0.108508279
Z_W_7,35,0.114302135
Z_W_7,36,0.120405357
Z_W_7,37,0.126834464
Z_W_7,38,0.133606857
Z_W_7,39,0.140740865
Z_W_7,40,0.148255797
Z_W_7,41,0.226762962
Z_W_8,0,0.040719222
Z_W_8,1,0.38263101
Z_W_8,2,0.346803037
Z_W_8,3,0.38554458
Z_W_8,4,0.428613961
Z_W_8,5,0.476494645
Z_W_8,6,0.529724104
Z_W_8,7,0.588899853
Z_W_8,8,0.654686155
Z_W_8,9,0.727821478
Z_W_8,10,0.809126785
Z_W_8,11,0.89951475
Z_W_8,12,1.0
Z_W_8,13,1.111710508
Z_W_8,14,1.235900255
Z_W_8,15,1.3739633
Z_W_8,16,1.527449439
Z_W_8,17,1.698081593
Z_W_8,18,1.887775151
Z_W_8,19,2.098659472
Z_W_8,20,2.333101789
Z_W_8,21,2.88639551
Z_W_8,22,2.88639551
Z_W_8,23,2.88639551
Z_W_8,24,2.88639551
Z_W_8,25,2.88639551
Z_W_8,26,2.88639551
Z_W_8,27,2.88639551
Z_W_8,28,2.88639551
Z_W_8,29,2.88639551
Z_W_8,30,2.88639551
Z_W_8,31,2.88639551
Z_W_8,32,2.88639551
Z_W_8,33,2.88639551
Z_W_8,34,2.88639551
Z_W_8,35,2.88639551
Z_W_8,36,2.88639551
Z_W_8,37,2.88639551
Z_W_8,38,2.88639551
Z_W_8,39,2.88639551
Z_W_8,40,2.88639551
Z_W_8,41,2.88639551
